db_index	motif_id	motif_alt_id	consensus	E-value	adj_p-value	log_adj_p-value	bin_location	bin_width	total_width	sites_in_bin	total_sites	p_success	p-value	mult_tests
   1	MA0668.3	Neurod2	ACAGATGG	1.2e-96	   5.7e-100	        -228.52	         0.0	    159.0	        443	         601	        828	  0.35892	2.6e-102	       221
   1	MA1109.2	NEUROD1	ACAGATGG	3.9e-93	   1.9e-96	        -220.43	         0.0	    125.0	        443	         525	        825	  0.28217	8.4e-99	       221
   1	MA1642.2	NEUROG2	CAGATGG	1.7e-86	   8.1e-90	        -205.14	         0.0	    152.0	        444	         574	        834	  0.34234	3.7e-92	       221
   1	MA0091.2	TAL1::TCF3	AMCATCTGKT	3.3e-83	   1.6e-86	        -197.58	         0.0	    129.0	        441	         468	        715	  0.29252	7.1e-89	       220
   3	UP00046_2	Tcfe2a_secondary	NRRKSCAGATGKYHBSR	2.6e-82	   1.2e-85	        -195.53	         0.0	    124.0	        434	         515	        834	  0.28571	5.6e-88	       216
   1	MA1467.3	Atoh1	CAGATGG	5.0e-79	   2.4e-82	        -187.95	         0.0	    132.0	        444	         514	        819	  0.29730	1.1e-84	       221
   1	MA1618.2	Ptf1A	ACAGATGTT	3.6e-78	   1.7e-81	        -185.96	         0.0	    124.0	        442	         506	        841	  0.28054	7.9e-84	       220
   2	Ascl2_DBD		ARCAGCTGCY	7.1e-71	   3.4e-74	        -169.18	         0.0	    121.0	        441	         465	        788	  0.27438	1.5e-76	       220
   1	MA0816.1	Ascl2	ARCAGCTGCY	9.4e-71	   4.4e-74	        -168.90	         0.0	    121.0	        441	         464	        787	  0.27438	2.0e-76	       220
   2	Atoh1_DBD		RMCATATGBY	9.4e-71	   4.5e-74	        -168.90	         0.0	    109.0	        441	         454	        827	  0.24717	2.0e-76	       220
   1	MA1468.1	ATOH7	AVCATATGBY	6.3e-70	   3.0e-73	        -166.99	         0.0	    129.0	        441	         490	        811	  0.29252	1.4e-75	       220
   1	MA0607.2	BHLHA15	ACCATATGGT	7.2e-69	   3.4e-72	        -164.55	         0.0	    131.0	        441	         409	        629	  0.29705	1.6e-74	       220
   1	MA1100.3	ASCL1	GCAGCTGC	3.8e-68	   1.8e-71	        -162.90	         0.0	    121.0	        443	         481	        841	  0.27314	8.1e-74	       221
   1	MA1638.2	HAND2	CAGATG	4.5e-68	   2.1e-71	        -162.72	         0.0	    111.0	        445	         386	        663	  0.24944	9.7e-74	       222
   1	MA1568.2	TCF21	ACCATATGKY	1.5e-67	   7.1e-71	        -161.52	         0.0	    129.0	        441	         459	        751	  0.29252	3.2e-73	       220
   1	MA1619.2	Ptf1A	ACAGCTGT	3.4e-66	   1.6e-69	        -158.39	         0.0	    123.0	        443	         455	        776	  0.27765	7.4e-72	       221
   1	MA1123.3	TWIST1	CCAGATGT	1.2e-65	   5.9e-69	        -157.10	         0.0	     91.0	        443	         403	        835	  0.20542	2.7e-71	       221
   1	MA1472.3	Bhlha15	ACAGCTGT	1.1e-60	   5.2e-64	        -145.71	         0.0	    123.0	        443	         438	        760	  0.27765	2.4e-66	       221
   1	MA0521.3	Tcf12	CAGCTG	4.4e-60	   2.1e-63	        -144.34	         0.0	    123.0	        445	         446	        784	  0.27640	9.3e-66	       222
   1	MA0461.3	Atoh1	RMCATATG	1.0e-59	   4.8e-63	        -143.50	         0.0	    131.0	        443	         488	        843	  0.29571	2.2e-65	       221
   3	UP00099_1	Ascl2_primary	NKYARCAGCTGCYVHHK	1.8e-59	   8.6e-63	        -142.91	         0.0	     94.0	        434	         395	        808	  0.21659	4.0e-65	       216
   2	NHLH1_DBD		CGCAGCTGCS	9.3e-58	   4.4e-61	        -138.97	         0.0	    121.0	        441	         391	        669	  0.27438	2.0e-63	       220
   1	MA1570.1	TFAP4	AHCATRTGDT	1.8e-57	   8.6e-61	        -138.31	         0.0	    129.0	        441	         457	        788	  0.29252	3.9e-63	       220
   2	NHLH1_full		CGCAGCTGCK	2.0e-57	   9.7e-61	        -138.18	         0.0	    121.0	        441	         401	        693	  0.27438	4.4e-63	       220
   2	NEUROD2_full		RMCATATGBY	2.1e-57	   1.0e-60	        -138.14	         0.0	    129.0	        441	         469	        815	  0.29252	4.6e-63	       220
   2	OLIG3_DBD		AMCATATGBY	6.6e-57	   3.1e-60	        -137.02	         0.0	    131.0	        441	         458	        782	  0.29705	1.4e-62	       220
   1	MA0048.3	NHLH1	CGCAGCTGC	2.7e-56	   1.3e-59	        -135.62	         0.0	    150.0	        442	         469	        733	  0.33937	5.7e-62	       220
   1	MA0827.1	OLIG3	AMCATATGBY	4.7e-56	   2.2e-59	        -135.06	         0.0	    131.0	        441	         455	        780	  0.29705	1.0e-61	       220
   1	MA1524.3	Msgn1	RACAAATGGT	2.6e-54	   1.2e-57	        -131.04	         0.0	    159.0	        441	         471	        710	  0.36054	5.6e-60	       220
   2	TCF4_DBD		HRCACCTGBN	6.2e-52	   2.9e-55	        -125.57	         0.0	    101.0	        441	         381	        774	  0.22902	1.3e-57	       220
   2	NEUROG2_DBD		RACATATGYY	1.3e-51	   6.2e-55	        -124.82	         0.0	    131.0	        441	         414	        706	  0.29705	2.8e-57	       220
   2	TCF3_DBD		HRCACCTGBN	6.3e-51	   3.0e-54	        -123.24	         0.0	     95.0	        441	         365	        771	  0.21542	1.4e-56	       220
   2	BHLHA15_DBD		ACCATATGGT	2.4e-50	   1.1e-53	        -121.90	         0.0	    131.0	        441	         335	        533	  0.29705	5.2e-56	       220
   1	MA1641.2	MYF5	ACAGCTGT	6.4e-50	   3.0e-53	        -120.92	         0.0	    123.0	        443	         415	        755	  0.27765	1.4e-55	       221
   1	MA0500.3	MYOG	RCAGCTGY	2.3e-45	   1.1e-48	        -110.45	         0.0	    123.0	        443	         376	        682	  0.27765	4.9e-51	       221
   2	OLIG2_DBD		AMCATATGKT	2.3e-42	   1.1e-45	        -103.54	         0.0	    131.0	        441	         401	        717	  0.29705	4.9e-48	       220
   1	MA0818.2	BHLHE22	AMCATATGKY	3.3e-42	   1.6e-45	        -103.15	         0.0	     91.0	        441	         241	        475	  0.20635	7.2e-48	       220
   1	MA1993.2	Neurod2	CAGCTG	7.0e-42	   3.3e-45	        -102.41	         0.0	    123.0	        445	         268	        442	  0.27640	1.5e-47	       222
   1	MA0633.3	Twist2	CAGCTG	7.0e-42	   3.3e-45	        -102.41	         0.0	    123.0	        445	         268	        442	  0.27640	1.5e-47	       222
   1	MA1997.2	Olig2	CAGCTG	1.3e-41	   6.0e-45	        -101.83	         0.0	    123.0	        445	         281	        473	  0.27640	2.7e-47	       222
   1	MA0669.1	NEUROG2	RACATATGTC	5.1e-40	   2.4e-43	         -98.13	         0.0	    111.0	        441	         279	        511	  0.25170	1.1e-45	       220
   1	MA0678.1	OLIG2	AMCATATGKT	6.0e-40	   2.9e-43	         -97.96	         0.0	     91.0	        441	         298	        658	  0.20635	1.3e-45	       220
   1	MA1635.2	BHLHE22	CAGCTG	1.0e-39	   4.9e-43	         -97.43	         0.0	    123.0	        445	         248	        404	  0.27640	2.2e-45	       222
   1	MA1485.1	FERD3L	GCRMCAGCTGTYAC	2.4e-39	   1.1e-42	         -96.59	         0.0	    127.0	        437	         218	        326	  0.29062	5.2e-45	       218
   2	OLIG2_full		AMCATATGKT	4.6e-39	   2.2e-42	         -95.93	         0.0	     91.0	        441	         303	        678	  0.20635	9.9e-45	       220
   2	NEUROG2_full		RACATATGTC	6.9e-39	   3.3e-42	         -95.52	         0.0	    111.0	        441	         286	        533	  0.25170	1.5e-44	       220
   1	MA1631.2	ASCL1	GCACCTGCY	8.4e-39	   4.0e-42	         -95.33	         0.0	    120.0	        442	         404	        799	  0.27149	1.8e-44	       220
   1	MA0691.1	TFAP4	AWCAGCTGWT	1.0e-38	   4.8e-42	         -95.15	         0.0	    123.0	        441	         286	        494	  0.27891	2.2e-44	       220
   1	MA0499.3	MYOD1	GCACCTGTC	7.5e-38	   3.5e-41	         -93.14	         0.0	    126.0	        442	         420	        813	  0.28507	1.6e-43	       220
   1	MA0826.1	OLIG1	AMCATATGKT	1.0e-35	   5.0e-39	         -88.20	         0.0	    133.0	        441	         282	        467	  0.30159	2.3e-41	       220
   2	TFAP4_DBD		AWCAGCTGAT	2.6e-35	   1.2e-38	         -87.28	         0.0	    123.0	        441	         322	        597	  0.27891	5.7e-41	       220
   2	TFAP4_full		AWCAGCTGWT	2.6e-34	   1.2e-37	         -85.00	         0.0	    123.0	        441	         297	        539	  0.27891	5.5e-40	       220
   2	OLIG1_DBD		AMCATATGKT	1.5e-33	   7.3e-37	         -83.21	         0.0	     91.0	        441	         233	        495	  0.20635	3.3e-39	       220
   3	UP00036_1	Myf6_primary	VVRSAACAGBTGTYHG	1.7e-33	   7.8e-37	         -83.14	         0.0	    109.0	        435	         378	        819	  0.25057	3.6e-39	       217
   2	BHLHE23_DBD		AMCATATGBT	2.6e-33	   1.2e-36	         -82.70	         0.0	    133.0	        441	         320	        564	  0.30159	5.5e-39	       220
   2	MSC_full		AACAGCTGTT	6.7e-33	   3.2e-36	         -81.73	         0.0	    123.0	        441	         320	        604	  0.27891	1.5e-38	       220
   1	MA0830.3	TCF4	GCACCTGC	2.7e-32	   1.3e-35	         -80.34	         0.0	    121.0	        443	         408	        849	  0.27314	5.8e-38	       221
   1	MA0665.1	MSC	AACAGCTGTT	1.4e-30	   6.8e-34	         -76.37	         0.0	    123.0	        441	         300	        567	  0.27891	3.1e-36	       220
   3	UP00046_1	Tcfe2a_primary	NKCHVCAGGTGCRNDNW	3.2e-30	   1.5e-33	         -75.57	         0.0	    100.0	        434	         328	        749	  0.23041	7.0e-36	       216
   1	MA0832.2	Tcf21	AACAGCTGTT	8.2e-30	   3.9e-33	         -74.63	         0.0	    123.0	        441	         190	        307	  0.27891	1.8e-35	       220
   1	MA1529.2	NHLH2	GGNCGCAGCTGCGYCC	1.4e-27	   6.5e-31	         -69.50	         0.0	    123.0	        435	         203	        341	  0.28276	3.0e-33	       217
   2	MESP1_DBD		HRCACCTGBN	3.9e-26	   1.8e-29	         -66.17	         0.0	    101.0	        441	         347	        845	  0.22902	8.4e-32	       220
   2	Tcf21_DBD		RYAACAGCTGTTRN	8.9e-26	   4.2e-29	         -65.34	         0.0	    111.0	        437	         182	        325	  0.25400	1.9e-31	       218
   1	MA1620.2	Ptf1A	ACACCTGT	1.4e-24	   6.4e-28	         -62.61	         0.0	     99.0	        443	         338	        848	  0.22348	2.9e-30	       221
   2	FIGLA_DBD		WMCACCTGKW	2.4e-22	   1.1e-25	         -57.43	         0.0	     93.0	        441	         302	        790	  0.21088	5.2e-28	       220
   1	MA1966.2	TFAP4::ETV1	SCGGAAGCAGSTG	1.0e-21	   4.8e-25	         -56.00	         0.0	    130.0	        438	         310	        612	  0.29680	2.2e-27	       218
   1	MA0667.1	MYF6	AACARCTGTT	1.2e-21	   5.9e-25	         -55.79	         0.0	    111.0	        441	         241	        508	  0.25170	2.7e-27	       220
   1	MA0697.3	Zic3	CAGCAGG	3.1e-21	   1.5e-24	         -54.87	         0.0	    112.0	        444	         334	        778	  0.25225	6.7e-27	       221
   2	MYF6_full		AACARCTGTT	8.8e-21	   4.2e-24	         -53.84	         0.0	    111.0	        441	         244	        523	  0.25170	1.9e-26	       220
   1	MA0698.2	ZBTB18	ATCCAGATGTK	1.4e-18	   6.8e-22	         -48.74	         0.0	     88.0	        440	         221	        575	  0.20000	3.1e-24	       219
   2	ZNF238_full		NATCCAGATGTKB	2.9e-18	   1.4e-21	         -48.05	         0.0	     88.0	        438	         232	        615	  0.20091	6.2e-24	       218
   1	MA0522.4	TCF3	CACCTGC	5.3e-18	   2.5e-21	         -47.43	         0.0	    158.0	        444	         413	        776	  0.35586	1.1e-23	       221
   1	MA1648.2	TCF12	CACCTGC	8.0e-18	   3.8e-21	         -47.01	         0.0	    122.0	        444	         346	        785	  0.27477	1.7e-23	       221
   2	ID4_DBD		NRCACCTGBH	9.6e-18	   4.5e-21	         -46.84	         0.0	     73.0	        441	         229	        726	  0.16553	2.1e-23	       220
   1	MA0139.2	CTCF	RCCASYAGRKGGCRS	1.8e-16	   8.5e-20	         -43.91	         0.0	    106.0	        436	         210	        470	  0.24312	3.9e-22	       217
   1	MA1728.2	ZNF549	TGCTGCCC	3.8e-16	   1.8e-19	         -43.15	         0.0	    159.0	        443	         418	        795	  0.35892	8.2e-22	       221
   1	MA1572.1	TGIF2LY	TGACAGCTGTCA	1.8e-15	   8.5e-19	         -41.61	         0.0	    113.0	        439	         262	        604	  0.25740	3.9e-21	       219
   1	MA1571.1	TGIF2LX	TGACAGCTGTCA	5.6e-15	   2.7e-18	         -40.46	         0.0	    117.0	        439	         240	        528	  0.26651	1.2e-20	       219
   2	BHLHE22_DBD		AAACATATGBTN	1.1e-14	   5.4e-18	         -39.75	         0.0	     91.0	        439	         158	        380	  0.20729	2.5e-20	       219
   1	MA0820.2	FIGLA	CACCTG	1.3e-14	   6.1e-18	         -39.64	         0.0	     73.0	        445	         228	        766	  0.16404	2.8e-20	       222
   1	MA0817.2	BHLHE23	AACATATGBT	3.5e-14	   1.7e-17	         -38.64	         0.0	    131.0	        441	         163	        295	  0.29705	7.5e-20	       220
   1	MA1721.2	ZNF93	GGYAGCRGCAGCGG	3.3e-13	   1.5e-16	         -36.40	         0.0	    137.0	        437	         220	        423	  0.31350	7.1e-19	       218
   2	Meis2_DBD_2		TGACAGSTGTCA	3.4e-13	   1.6e-16	         -36.37	         0.0	     97.0	        439	         258	        702	  0.22096	7.3e-19	       219
   1	MA1629.2	Zic2	CACAGCAGG	8.7e-13	   4.1e-16	         -35.42	         0.0	    130.0	        442	         340	        768	  0.29412	1.9e-18	       220
   1	MA1930.2	CTCF	CTGCAGTKCCNVCHNNYRGCCASYAGRKGGCRS	2.2e-12	   1.0e-15	         -34.50	         0.0	    116.0	        418	         155	        301	  0.27751	5.0e-18	       208
   1	MA1967.2	TFAP4::FLI1	ACCGGAAACAGCTG	7.5e-12	   3.6e-15	         -33.27	         0.0	    137.0	        437	          93	        139	  0.31350	1.6e-17	       218
   1	MA1941.2	ETV2::FIGLA	SCGGAARCAGSTG	9.7e-12	   4.6e-15	         -33.02	         0.0	    202.0	        438	         358	        561	  0.46119	2.1e-17	       218
   1	MA1945.2	ETV5::FIGLA	RGCGGAARCAGGTG	9.7e-12	   4.6e-15	         -33.01	         0.0	    133.0	        437	         195	        380	  0.30435	2.1e-17	       218
   3	UP00205_1	Pknox2_3077.2	AARSRSCTGTCAATNB	2.5e-11	   1.2e-14	         -32.06	         0.0	    117.0	        435	         219	        494	  0.26897	5.5e-17	       217
   1	MA0092.2	Hand1::Tcf3	RTCTGGMWT	3.3e-11	   1.6e-14	         -31.79	         0.0	    124.0	        442	         350	        846	  0.28054	7.1e-17	       220
   1	MA0745.3	SNAI2	GCACCTGT	3.5e-11	   1.6e-14	         -31.74	         0.0	     95.0	        443	         256	        736	  0.21445	7.4e-17	       221
   1	MA1628.2	Zic1::Zic2	CAGCAGG	1.3e-10	   6.1e-14	         -30.43	         0.0	    156.0	        444	         369	        742	  0.35135	2.8e-16	       221
   2	TFEC_DBD		RTCACRTGAB	1.5e-10	   6.9e-14	         -30.30	         0.0	    147.0	        441	         357	        749	  0.33333	3.1e-16	       220
   3	UP00081_2	Mybl1_secondary	NBACCAACTGCCGHK	1.7e-10	   7.8e-14	         -30.18	         0.0	     84.0	        436	         204	        616	  0.19266	3.6e-16	       217
   3	UP00203_1	Pknox1_2364.2	WRNSASCTGTCAAWMC	8.2e-10	   3.9e-13	         -28.57	         0.0	     63.0	        435	         130	        446	  0.14483	1.8e-15	       217
   1	MA0623.2	NEUROG1	RACATATGTY	8.5e-10	   4.0e-13	         -28.54	         0.0	    159.0	        441	         182	        313	  0.36054	1.8e-15	       220
   2	MEIS2_DBD_2		TTGACAGS	1.9e-9	   8.9e-13	         -27.75	         0.0	    121.0	        443	         315	        783	  0.27314	4.0e-15	       221
   1	MA0774.1	MEIS2	TTGACAGS	5.0e-9	   2.3e-12	         -26.78	         0.0	    121.0	        443	         313	        782	  0.27314	1.1e-14	       221
   2	MEIS3_DBD_2		TGACAGSTGTCA	6.3e-9	   3.0e-12	         -26.53	         0.0	     97.0	        439	         206	        568	  0.22096	1.4e-14	       219
   3	UP00060_1	Max_primary	DGASCACGTGBTNNKK	1.8e-8	   8.5e-12	         -25.49	         0.0	    147.0	        435	         274	        556	  0.33793	3.9e-14	       217
   1	MA1655.2	ZNF341	GAACAGCC	1.9e-8	   8.9e-12	         -25.44	         0.0	    211.0	        443	         480	        788	  0.47630	4.0e-14	       221
   2	Meis3_DBD_2		TGACAGSTGTCA	2.9e-8	   1.4e-11	         -24.99	         0.0	     61.0	        439	         117	        418	  0.13895	6.4e-14	       219
   1	MA0147.4	MYC	CCACGTGC	3.4e-8	   1.6e-11	         -24.84	         0.0	    123.0	        443	         273	        664	  0.27765	7.4e-14	       221
   1	MA0739.2	Hic1	RTGCCAAC	3.6e-8	   1.7e-11	         -24.79	         0.0	    175.0	        443	         426	        813	  0.39503	7.8e-14	       221
   3	UP00186_1	Meis1_2335.1	WANBASCTGTCAAWAH	1.0e-7	   4.8e-11	         -23.75	         0.0	     63.0	        435	         120	        427	  0.14483	2.2e-13	       217
   3	UP00057_2	Zic2_secondary	NHDCVCAGCAKGNRW	1.3e-7	   6.1e-11	         -23.52	         0.0	    108.0	        436	         279	        761	  0.24771	2.8e-13	       217
   3	UP00102_2	Zic1_secondary	YHDCRCAGCAGGMVD	3.0e-7	   1.4e-10	         -22.67	         0.0	     86.0	        436	         232	        757	  0.19725	6.6e-13	       217
   2	YY2_full_2		CCATGCCGCCAT	3.1e-7	   1.5e-10	         -22.64	         0.0	    161.0	        439	         182	        324	  0.36674	6.7e-13	       219
   3	UP00122_1	Tgif1_2342.2	NABWWTGACAGCTSVBD	3.4e-7	   1.6e-10	         -22.55	         0.0	    184.0	        434	         314	        546	  0.42396	7.5e-13	       216
   1	MA0797.1	TGIF2	TGACAGSTGTCA	5.1e-7	   2.4e-10	         -22.14	         0.0	    169.0	        439	         169	        286	  0.38497	1.1e-12	       219
   1	MA1593.2	ZNF317	ACAGCAGA	5.2e-7	   2.5e-10	         -22.12	         0.0	    173.0	        443	         422	        824	  0.39052	1.1e-12	       221
   3	UP00035_1	Hic1_primary	NBBATGCCAACCTRYH	8.0e-7	   3.8e-10	         -21.69	         0.0	    179.0	        435	         325	        586	  0.41149	1.8e-12	       217
   1	MA1938.2	ERF::NHLH1	VGCAGCTGCCGGAARY	8.4e-7	   4.0e-10	         -21.64	         0.0	    259.0	        435	         192	        238	  0.59540	1.8e-12	       217
   3	UP00092_2	Myb_secondary	NKACCAACTGCCRNNN	8.5e-7	   4.0e-10	         -21.64	         0.0	     79.0	        435	         183	        615	  0.18161	1.9e-12	       217
   1	MA0744.3	SCRT2	GCAACAGGTG	1.0e-6	   4.7e-10	         -21.47	         0.0	    129.0	        441	         289	        694	  0.29252	2.2e-12	       220
   1	MA1929.2	CTCF	CTGCAGTKCCNNNNNYNRCCASYAGRKGGCR	1.2e-6	   5.9e-10	         -21.25	         0.0	    174.0	        420	         275	        481	  0.41429	2.8e-12	       209
   2	ZNF238_DBD		MWTCCAGATGTKB	1.5e-6	   7.1e-10	         -21.06	         0.0	    128.0	        438	         192	        427	  0.29224	3.3e-12	       218
   3	UP00258_1	Tgif2_3451.1	AANBAGCTGTCAAWMM	3.8e-6	   1.8e-9	         -20.13	         0.0	    279.0	        435	         374	        477	  0.64138	8.4e-12	       217
   2	Hic1_DBD_2		RTGCCAACY	6.5e-6	   3.1e-9	         -19.59	         0.0	    182.0	        442	         430	        815	  0.41176	1.4e-11	       220
   2	TGIF2_DBD		TGACAGSTGTCA	6.8e-6	   3.2e-9	         -19.56	         0.0	    109.0	        439	         129	        303	  0.24829	1.5e-11	       219
   1	MA1964.2	SMAD2	CCAGAC	8.6e-6	   4.1e-9	         -19.32	         0.0	    121.0	        445	         246	        622	  0.27191	1.8e-11	       222
   3	UP00226_1	Mrg1_2246.2	WANBASCTGTCAAWAN	1.2e-5	   5.5e-9	         -19.02	         0.0	     63.0	        435	         119	        447	  0.14483	2.5e-11	       217
   3	UP00006_2	Zic3_secondary	NNDCACAGCAKGMNN	1.4e-5	   6.5e-9	         -18.85	         0.0	    106.0	        436	         270	        773	  0.24312	3.0e-11	       217
   1	MA1934.2	ERF::FIGLA	CCGGAARCASCTG	1.9e-5	   9.1e-9	         -18.52	         0.0	    116.0	        438	          82	        162	  0.26484	4.2e-11	       218
   1	MA1102.3	CTCFL	CAGGGGGC	1.9e-5	   9.2e-9	         -18.51	         0.0	    125.0	        443	         262	        653	  0.28217	4.1e-11	       221
   1	MA1727.2	ZNF417	GGCGCCA	4.5e-5	   2.2e-8	         -17.65	         0.0	    152.0	        444	         119	        213	  0.34234	9.8e-11	       221
   2	Meis3_DBD_1		HTGACAG	5.0e-5	   2.4e-8	         -17.55	         0.0	    120.0	        444	         320	        864	  0.27027	1.1e-10	       221
   1	MA0104.5	MYCN	CCACGTGG	9.1e-5	   4.3e-8	         -16.96	         0.0	    141.0	        443	         198	        425	  0.31828	2.0e-10	       221
   1	MA1725.2	ZNF189	TGCTGTTCC	1.5e-4	   6.9e-8	         -16.48	         0.0	    142.0	        442	         336	        786	  0.32127	3.2e-10	       220
   1	MA1521.2	MAFA	TGCTGASTCAGCA	2.1e-4	   1.0e-7	         -16.12	         0.0	    130.0	        438	         236	        562	  0.29680	4.6e-10	       218
   1	MA0748.3	YY2	ATGGCGG	3.0e-4	   1.4e-7	         -15.76	         0.0	    200.0	        444	         355	        620	  0.45045	6.5e-10	       221
   3	UP00210_1	Mrg2_2302.1	WANBASCTGTCAAWMM	3.1e-4	   1.4e-7	         -15.75	         0.0	     63.0	        435	         137	        566	  0.14483	6.7e-10	       217
   1	MA0821.2	HES5	GRCACGTGYC	5.4e-4	   2.6e-7	         -15.18	         0.0	     71.0	        441	         124	        455	  0.16100	1.2e-9	       220
   1	MA0775.2	MEIS3	DTGACAG	6.7e-4	   3.2e-7	         -14.96	         0.0	    122.0	        444	         306	        825	  0.27477	1.4e-9	       221
   1	MA0743.3	SCRT1	KCAACAGGTG	7.5e-4	   3.6e-7	         -14.85	         0.0	    117.0	        441	         230	        613	  0.26531	1.6e-9	       220
   1	MA1520.2	MAF	TGCTGASTCAGCA	8.2e-4	   3.9e-7	         -14.76	         0.0	    130.0	        438	         229	        549	  0.29680	1.8e-9	       218
   1	MA2121.1	ZNF213	GCCCAGGCDGSR	8.4e-4	   4.0e-7	         -14.73	         0.0	    201.0	        439	         387	        677	  0.45786	1.8e-9	       219
   2	PKNOX2_DBD		TGACAGGTGTCA	1.2e-3	   5.6e-7	         -14.40	         0.0	    107.0	        439	          72	        155	  0.24374	2.6e-9	       219
   3	UP00060_2	Max_secondary	BYGNCACGCGACDD	1.9e-3	   8.8e-7	         -13.94	         0.0	    203.0	        437	         404	        705	  0.46453	4.0e-9	       218
   2	USF1_DBD		RHCACGTGAY	2.4e-3	   1.1e-6	         -13.70	         0.0	    173.0	        441	         242	        460	  0.39229	5.1e-9	       220
   2	NFIX_full_2		NNTGCCAAN	2.8e-3	   1.3e-6	         -13.54	         0.0	    122.0	        442	         313	        856	  0.27602	6.0e-9	       220
   1	MA0783.1	PKNOX2	TGACAGGTGTCA	3.1e-3	   1.4e-6	         -13.44	         0.0	    131.0	        439	          68	        125	  0.29841	6.6e-9	       219
   2	MEIS3_DBD_1		DTGACAGS	3.2e-3	   1.5e-6	         -13.41	         0.0	    197.0	        443	         460	        847	  0.44470	6.8e-9	       221
   2	MAX_DBD_2		AVCACGTGNY	4.4e-3	   2.1e-6	         -13.09	         0.0	    159.0	        441	         243	        501	  0.36054	9.4e-9	       220
   2	Meis2_DBD_1		HTGACAG	5.5e-3	   2.6e-6	         -12.85	         0.0	    218.0	        444	         492	        836	  0.49099	1.2e-8	       221
   1	MA0059.2	MAX::MYC	ASCACGTGGT	6.9e-3	   3.3e-6	         -12.63	         0.0	    149.0	        441	         182	        381	  0.33787	1.5e-8	       220
   2	PKNOX1_DBD		TGACAGSTGTCA	7.4e-3	   3.5e-6	         -12.55	         0.0	     93.0	        439	          55	        126	  0.21185	1.6e-8	       219
   1	MA2126.1	Zfp961	GGGCGCCA	7.5e-3	   3.5e-6	         -12.55	         0.0	    191.0	        443	         240	        423	  0.43115	1.6e-8	       221
   2	YY2_DBD		RWCCGCCATTW	1.6e-2	   7.8e-6	         -11.76	         0.0	     42.0	        440	         101	        609	  0.09545	3.6e-8	       219
   1	MA1651.2	ZFP42	CAARATGGCTGCC	1.9e-2	   9.0e-6	         -11.62	         0.0	     82.0	        438	         143	        496	  0.18721	4.1e-8	       218
   1	MA0671.2	NFIX	TGCCAA	2.0e-2	   9.3e-6	         -11.59	         0.0	    123.0	        445	         309	        856	  0.27640	4.2e-8	       222
   1	MA0093.4	USF1	GTCATGTGAC	2.2e-2	   1.0e-5	         -11.49	         0.0	    181.0	        441	         283	        539	  0.41043	4.7e-8	       220
   2	TGIF2LX_full		TGACAGSTGTCA	2.3e-2	   1.1e-5	         -11.42	         0.0	     67.0	        439	          56	        178	  0.15262	5.0e-8	       219
   2	HIC2_DBD		RTGCCCRSB	3.5e-2	   1.7e-5	         -10.99	         0.0	    150.0	        442	         366	        859	  0.33937	7.6e-8	       220
   2	GCM1_full_1		ATRCKGGTRCCMGCAY	5.3e-2	   2.5e-5	         -10.60	         0.0	     65.0	        435	          74	        271	  0.14943	1.2e-7	       217
   3	UP00000_1	Smad3_primary	MDWNNCCAGACAKNWNH	6.7e-2	   3.2e-5	         -10.36	         0.0	    128.0	        434	         279	        725	  0.29493	1.5e-7	       216
   2	CTCF_full		WGCGCCMYCTAGYGGYV	6.8e-2	   3.2e-5	         -10.34	         0.0	    200.0	        434	          56	         73	  0.46083	1.5e-7	       216
   1	MA2125.1	Zfp809	WTCCCAGCC	7.5e-2	   3.5e-5	         -10.25	         0.0	    180.0	        442	         355	        706	  0.40724	1.6e-7	       220
   2	MEIS1_DBD		HTGACAD	9.0e-2	   4.2e-5	         -10.07	         0.0	    220.0	        444	         494	        847	  0.49550	1.9e-7	       221
   2	Pknox2_DBD		TGACAGSTGTCA	9.5e-2	   4.5e-5	         -10.00	         0.0	    173.0	        439	          53	         78	  0.39408	2.1e-7	       219
   1	MA1646.2	OSR2	ACAGAAGC	1.2e-1	   5.6e-5	          -9.79	         0.0	    163.0	        443	         372	        819	  0.36795	2.5e-7	       221
   3	UP00087_2	Tcfap2c_secondary	NYGCCCDAGGGCWD	1.2e-1	   5.7e-5	          -9.78	         0.0	     57.0	        437	         148	        756	  0.13043	2.6e-7	       218
   1	MA1583.2	ZFP57	TGCCGCA	1.4e-1	   6.8e-5	          -9.59	         0.0	     94.0	        444	         113	        345	  0.21171	3.1e-7	       221
   2	TCF4_full		HRCACCTGBN	1.5e-1	   7.1e-5	          -9.55	         0.0	    123.0	        441	         319	        897	  0.27891	3.2e-7	       220
   1	MA1730.2	ZNF708	GCTGTRCCT	1.8e-1	   8.3e-5	          -9.40	         0.0	     94.0	        442	         163	        536	  0.21267	3.8e-7	       220
   2	TGIF1_DBD		TGACAGCTGTCA	1.9e-1	   8.8e-5	          -9.34	         0.0	    173.0	        439	          61	         93	  0.39408	4.0e-7	       219
   1	MA1108.3	MXI1	CACATG	2.2e-1	   1.0e-4	          -9.19	         0.0	    127.0	        445	         227	        599	  0.28539	4.6e-7	       222
   2	TFEB_full		RYCACGTGAC	2.8e-1	   1.3e-4	          -8.93	         0.0	    149.0	        441	         251	        576	  0.33787	6.0e-7	       220
   1	MA1153.2	Smad4	TGTCTRG	3.2e-1	   1.5e-4	          -8.81	         0.0	     94.0	        444	         100	        301	  0.21171	6.8e-7	       221
   3	UP00065_2	Zfp161_secondary	GYCGCGCARNGCRN	3.4e-1	   1.6e-4	          -8.72	         0.0	    197.0	        437	         178	        301	  0.45080	7.5e-7	       218
   2	MNT_DBD		RVCACGTGMH	3.8e-1	   1.8e-4	          -8.61	         0.0	    125.0	        441	         211	        559	  0.28345	8.3e-7	       220
   2	SCRT2_DBD		RWGCAACAGGTGS	4.8e-1	   2.3e-4	          -8.38	         0.0	    118.0	        438	          73	        163	  0.26941	1.1e-6	       218
   2	ZIC4_DBD		GRCCCCCCGCKGYGH	5.6e-1	   2.6e-4	          -8.24	         0.0	     68.0	        436	         116	        487	  0.15596	1.2e-6	       217
   1	MA0145.2	Tfcp2l1	CCAGYYYVADCCRG	8.2e-1	   3.9e-4	          -7.85	         0.0	    129.0	        437	         257	        679	  0.29519	1.8e-6	       218
   1	MA0659.4	Mafg	GMTGACTCAGCA	8.6e-1	   4.1e-4	          -7.81	         0.0	    147.0	        439	         221	        509	  0.33485	1.9e-6	       219
   1	MA1099.3	HES1	GGCRCGTG	9.4e-1	   4.4e-4	          -7.72	         0.0	    201.0	        443	         193	        331	  0.45372	2.0e-6	       221
   2	YY2_full_1		NCCGCCATNTY	9.9e-1	   4.7e-4	          -7.66	         0.0	    198.0	        440	         433	        816	  0.45000	2.1e-6	       219
   1	MA0865.3	E2F8	TTCCCGCCA	1.0e0	   4.8e-4	          -7.64	         0.0	    200.0	        442	         256	        457	  0.45249	2.2e-6	       220
   1	MA0825.2	MNT	CACGTG	1.1e0	   5.2e-4	          -7.57	         0.0	     37.0	        445	          85	        613	  0.08315	2.3e-6	       222
   2	NFIX_full_3		NDTGCCAAN	1.3e0	   6.1e-4	          -7.40	         0.0	    122.0	        442	         298	        859	  0.27602	2.8e-6	       220
   1	MA0692.2	TFEB	CACGTGAC	1.3e0	   6.4e-4	          -7.36	         0.0	    161.0	        443	         291	        646	  0.36343	2.9e-6	       221
   2	CREB3L1_DBD_3		TGCCACGTGGCA	1.4e0	   6.5e-4	          -7.34	         0.0	    125.0	        439	          57	        117	  0.28474	3.0e-6	       219
   2	MAFK_DBD_2		DWWNTGCTGASTCAGCANWWH	2.5e0	   1.2e-3	          -6.75	         0.0	    134.0	        430	         203	        500	  0.31163	5.5e-6	       214
   1	MA0506.3	Nrf1	CTGCGCMTGCGC	3.4e0	   1.6e-3	          -6.44	         0.0	    157.0	        439	         143	        296	  0.35763	7.3e-6	       219
   1	MA1650.2	ZBTB14	CCGCGCAC	3.6e0	   1.7e-3	          -6.38	         0.0	    171.0	        443	         198	        402	  0.38600	7.7e-6	       221
   2	Mafb_DBD_2		WNTGCTGASTCAGCANW	3.6e0	   1.7e-3	          -6.37	         0.0	    116.0	        434	         152	        416	  0.26728	7.9e-6	       216
   1	MA0796.1	TGIF1	TGACAGCTGTCA	4.6e0	   2.2e-3	          -6.13	         0.0	    173.0	        439	          36	         51	  0.39408	9.9e-6	       219
   1	MA2341.1	FEZF2	CCCAGCCT	5.2e0	   2.5e-3	          -6.01	         0.0	    245.0	        443	         476	        755	  0.55305	1.1e-5	       221
   3	UP00036_2	Myf6_secondary	VNNRACAGVCGCRCC	5.7e0	   2.7e-3	          -5.91	         0.0	    230.0	        436	         516	        861	  0.52752	1.3e-5	       217
   1	MA0751.2	ZIC4	GRCCCCCCGCKGYG	5.8e0	   2.8e-3	          -5.89	         0.0	    343.0	        437	         400	        464	  0.78490	1.3e-5	       218
   2	TFAP2A_DBD_2		HGCCYSAGGCD	6.5e0	   3.1e-3	          -5.78	         0.0	    172.0	        440	         250	        518	  0.39091	1.4e-5	       219
   1	MA0782.3	PKNOX1	TGAGTGACAG	6.6e0	   3.2e-3	          -5.76	         0.0	     45.0	        441	         112	        732	  0.10204	1.4e-5	       220
   1	MA0823.1	HEY1	GRCACGTGCC	7.0e0	   3.3e-3	          -5.70	         0.0	     67.0	        441	          54	        200	  0.15193	1.5e-5	       220
   1	MA0864.3	E2F2	WTTTGGCGCCAWW	7.4e0	   3.5e-3	          -5.65	         0.0	     96.0	        438	          46	        117	  0.21918	1.6e-5	       218
   1	MA0100.4	MYB	CAACTG	8.1e0	   3.8e-3	          -5.56	         0.0	    139.0	        445	         114	        261	  0.31236	1.7e-5	       222
   2	HEY1_DBD		GRCACGTGCC	8.9e0	   4.2e-3	          -5.47	         0.0	     69.0	        441	          62	        236	  0.15646	1.9e-5	       220

# CentriMo (Local Motif Enrichment Analysis): Version 5.5.8 compiled on Oct 31 2025 at 13:20:21
# The format of this file is described at https://meme-suite.org/meme/doc/centrimo-output-format.html.
# centrimo --oc . --verbosity 1 --score 5.0 --ethresh 10.0 --bfile IP_peaks.resized.bed.fa.bg IP_peaks.resized.bed.fa motif_db/JASPAR/JASPAR2024_CORE_vertebrates_non-redundant_v2.meme motif_db/EUKARYOTE/jolma2013.meme motif_db/MOUSE/uniprobe_mouse.meme
