prim_db	prim_id	prim_alt	prim_cons	sec_db	sec_id	sec_alt	sec_cons	trim_left	trim_right	red_db	red_id	red_alt	E-value	gap	orient	count	total	adj_p-value	p-value
meme.xml	TGTGTGTGTGTGTGT	MEME-3	TGTGTGTGTGTGTGT	meme.xml	TGTGTGTGTGTGTGT	MEME-3	TGTGTGTGTGTGTGT	0	0	.	.	.	3.63e-27	1	8	39	391	4.71e-32	4.23e-31
meme.xml	TGTGTGTGTGTGTGT	MEME-3	TGTGTGTGTGTGTGT	meme.xml	TGTGTGTGTGTGTGT	MEME-3	TGTGTGTGTGTGTGT	0	0	.	.	.	3.63e-27	3	8	36	391	1.44e-28	1.30e-27
meme.xml	TGTGTGTGTGTGTGT	MEME-3	TGTGTGTGTGTGTGT	meme.xml	TGTGTGTGTGTGTGT	MEME-3	TGTGTGTGTGTGTGT	0	0	.	.	.	3.63e-27	1	0	20	391	1.97e-23	1.77e-22
meme.xml	TGTGTGTGTGTGTGT	MEME-3	TGTGTGTGTGTGTGT	meme.xml	TGTGTGTGTGTGTGT	MEME-3	TGTGTGTGTGTGTGT	0	0	.	.	.	3.63e-27	3	0	20	391	1.97e-23	1.77e-22
meme.xml	TGTGTGTGTGTGTGT	MEME-3	TGTGTGTGTGTGTGT	meme.xml	TGTGTGTGTGTGTGT	MEME-3	TGTGTGTGTGTGTGT	0	0	.	.	.	3.63e-27	5	8	31	391	5.03e-23	4.53e-22
meme.xml	TGTGTGTGTGTGTGT	MEME-3	TGTGTGTGTGTGTGT	meme.xml	TGTGTGTGTGTGTGT	MEME-3	TGTGTGTGTGTGTGT	0	0	.	.	.	3.63e-27	1	2	19	391	5.76e-22	5.18e-21
meme.xml	TGTGTGTGTGTGTGT	MEME-3	TGTGTGTGTGTGTGT	meme.xml	TGTGTGTGTGTGTGT	MEME-3	TGTGTGTGTGTGTGT	0	0	.	.	.	3.63e-27	5	0	18	391	1.60e-20	1.44e-19
meme.xml	TGTGTGTGTGTGTGT	MEME-3	TGTGTGTGTGTGTGT	meme.xml	TGTGTGTGTGTGTGT	MEME-3	TGTGTGTGTGTGTGT	0	0	.	.	.	3.63e-27	7	8	26	391	7.44e-18	6.69e-17
meme.xml	TGTGTGTGTGTGTGT	MEME-3	TGTGTGTGTGTGTGT	meme.xml	TGTGTGTGTGTGTGT	MEME-3	TGTGTGTGTGTGTGT	0	0	.	.	.	3.63e-27	3	2	16	391	1.03e-17	9.29e-17
meme.xml	TGTGTGTGTGTGTGT	MEME-3	TGTGTGTGTGTGTGT	meme.xml	TGTGTGTGTGTGTGT	MEME-3	TGTGTGTGTGTGTGT	0	0	.	.	.	3.63e-27	1	4	20	391	1.08e-17	9.71e-17
meme.xml	TGTGTGTGTGTGTGT	MEME-3	TGTGTGTGTGTGTGT	meme.xml	TGTGTGTGTGTGTGT	MEME-3	TGTGTGTGTGTGTGT	0	0	.	.	.	3.63e-27	3	4	20	391	1.08e-17	9.71e-17
meme.xml	TGTGTGTGTGTGTGT	MEME-3	TGTGTGTGTGTGTGT	meme.xml	TGTGTGTGTGTGTGT	MEME-3	TGTGTGTGTGTGTGT	0	0	.	.	.	3.63e-27	1	5	20	391	1.08e-17	9.71e-17
meme.xml	TGTGTGTGTGTGTGT	MEME-3	TGTGTGTGTGTGTGT	meme.xml	TGTGTGTGTGTGTGT	MEME-3	TGTGTGTGTGTGTGT	0	0	.	.	.	3.63e-27	3	5	20	391	1.08e-17	9.71e-17
meme.xml	TGTGTGTGTGTGTGT	MEME-3	TGTGTGTGTGTGTGT	meme.xml	TGTGTGTGTGTGTGT	MEME-3	TGTGTGTGTGTGTGT	0	0	.	.	.	3.63e-27	1	6	19	391	1.58e-16	1.42e-15
meme.xml	TGTGTGTGTGTGTGT	MEME-3	TGTGTGTGTGTGTGT	meme.xml	TGTGTGTGTGTGTGT	MEME-3	TGTGTGTGTGTGTGT	0	0	.	.	.	3.63e-27	1	7	19	391	1.58e-16	1.42e-15
meme.xml	TGTGTGTGTGTGTGT	MEME-3	TGTGTGTGTGTGTGT	meme.xml	TGTGTGTGTGTGTGT	MEME-3	TGTGTGTGTGTGTGT	0	0	.	.	.	3.63e-27	5	4	18	391	2.19e-15	1.97e-14
meme.xml	TGTGTGTGTGTGTGT	MEME-3	TGTGTGTGTGTGTGT	meme.xml	TGTGTGTGTGTGTGT	MEME-3	TGTGTGTGTGTGTGT	0	0	.	.	.	3.63e-27	5	5	18	391	2.19e-15	1.97e-14
meme.xml	TGTGTGTGTGTGTGT	MEME-3	TGTGTGTGTGTGTGT	meme.xml	TGTGTGTGTGTGTGT	MEME-3	TGTGTGTGTGTGTGT	0	0	.	.	.	3.63e-27	7	0	13	391	1.05e-13	9.41e-13
meme.xml	TGTGTGTGTGTGTGT	MEME-3	TGTGTGTGTGTGTGT	meme.xml	TGTGTGTGTGTGTGT	MEME-3	TGTGTGTGTGTGTGT	0	0	.	.	.	3.63e-27	5	2	13	391	1.05e-13	9.41e-13
meme.xml	TGTGTGTGTGTGTGT	MEME-3	TGTGTGTGTGTGTGT	meme.xml	TGTGTGTGTGTGTGT	MEME-3	TGTGTGTGTGTGTGT	0	0	.	.	.	3.63e-27	7	2	13	391	1.05e-13	9.41e-13
meme.xml	TGTGTGTGTGTGTGT	MEME-3	TGTGTGTGTGTGTGT	meme.xml	TGTGTGTGTGTGTGT	MEME-3	TGTGTGTGTGTGTGT	0	0	.	.	.	3.63e-27	3	6	16	391	3.54e-13	3.18e-12
meme.xml	TGTGTGTGTGTGTGT	MEME-3	TGTGTGTGTGTGTGT	meme.xml	TGTGTGTGTGTGTGT	MEME-3	TGTGTGTGTGTGTGT	0	0	.	.	.	3.63e-27	3	7	16	391	3.54e-13	3.18e-12
meme.xml	TGTGTGTGTGTGTGT	MEME-3	TGTGTGTGTGTGTGT	meme.xml	TGTGTGTGTGTGTGT	MEME-3	TGTGTGTGTGTGTGT	0	0	.	.	.	3.63e-27	9	8	21	391	4.01e-13	3.61e-12
meme.xml	TGTGTGTGTGTGTGT	MEME-3	TGTGTGTGTGTGTGT	meme.xml	TGTGTGTGTGTGTGT	MEME-3	TGTGTGTGTGTGTGT	0	0	.	.	.	3.63e-27	9	2	12	391	1.96e-12	1.76e-11
meme.xml	TGTGTGTGTGTGTGT	MEME-3	TGTGTGTGTGTGTGT	meme.xml	TGTGTGTGTGTGTGT	MEME-3	TGTGTGTGTGTGTGT	0	0	.	.	.	3.63e-27	13	2	12	391	1.96e-12	1.76e-11
meme.xml	TGTGTGTGTGTGTGT	MEME-3	TGTGTGTGTGTGTGT	meme.xml	TGTGTGTGTGTGTGT	MEME-3	TGTGTGTGTGTGTGT	0	0	.	.	.	3.63e-27	13	8	18	391	1.56e-10	1.41e-09
meme.xml	TGTGTGTGTGTGTGT	MEME-3	TGTGTGTGTGTGTGT	meme.xml	TGTGTGTGTGTGTGT	MEME-3	TGTGTGTGTGTGTGT	0	0	.	.	.	3.63e-27	7	4	13	391	4.50e-10	4.05e-09
meme.xml	TGTGTGTGTGTGTGT	MEME-3	TGTGTGTGTGTGTGT	meme.xml	TGTGTGTGTGTGTGT	MEME-3	TGTGTGTGTGTGTGT	0	0	.	.	.	3.63e-27	7	5	13	391	4.50e-10	4.05e-09
meme.xml	TGTGTGTGTGTGTGT	MEME-3	TGTGTGTGTGTGTGT	meme.xml	TGTGTGTGTGTGTGT	MEME-3	TGTGTGTGTGTGTGT	0	0	.	.	.	3.63e-27	5	6	13	391	4.50e-10	4.05e-09
meme.xml	TGTGTGTGTGTGTGT	MEME-3	TGTGTGTGTGTGTGT	meme.xml	TGTGTGTGTGTGTGT	MEME-3	TGTGTGTGTGTGTGT	0	0	.	.	.	3.63e-27	7	6	13	391	4.50e-10	4.05e-09
meme.xml	TGTGTGTGTGTGTGT	MEME-3	TGTGTGTGTGTGTGT	meme.xml	TGTGTGTGTGTGTGT	MEME-3	TGTGTGTGTGTGTGT	0	0	.	.	.	3.63e-27	5	7	13	391	4.50e-10	4.05e-09
meme.xml	TGTGTGTGTGTGTGT	MEME-3	TGTGTGTGTGTGTGT	meme.xml	TGTGTGTGTGTGTGT	MEME-3	TGTGTGTGTGTGTGT	0	0	.	.	.	3.63e-27	7	7	13	391	4.50e-10	4.05e-09
meme.xml	TGTGTGTGTGTGTGT	MEME-3	TGTGTGTGTGTGTGT	meme.xml	TGTGTGTGTGTGTGT	MEME-3	TGTGTGTGTGTGTGT	0	0	.	.	.	3.63e-27	11	2	10	391	5.31e-10	4.78e-09
meme.xml	TGTGTGTGTGTGTGT	MEME-3	TGTGTGTGTGTGTGT	meme.xml	TGTGTGTGTGTGTGT	MEME-3	TGTGTGTGTGTGTGT	0	0	.	.	.	3.63e-27	9	6	12	391	4.22e-09	3.80e-08
meme.xml	TGTGTGTGTGTGTGT	MEME-3	TGTGTGTGTGTGTGT	meme.xml	TGTGTGTGTGTGTGT	MEME-3	TGTGTGTGTGTGTGT	0	0	.	.	.	3.63e-27	13	6	12	391	4.22e-09	3.80e-08
meme.xml	TGTGTGTGTGTGTGT	MEME-3	TGTGTGTGTGTGTGT	meme.xml	TGTGTGTGTGTGTGT	MEME-3	TGTGTGTGTGTGTGT	0	0	.	.	.	3.63e-27	9	7	12	391	4.22e-09	3.80e-08
meme.xml	TGTGTGTGTGTGTGT	MEME-3	TGTGTGTGTGTGTGT	meme.xml	TGTGTGTGTGTGTGT	MEME-3	TGTGTGTGTGTGTGT	0	0	.	.	.	3.63e-27	13	7	12	391	4.22e-09	3.80e-08
meme.xml	TGTGTGTGTGTGTGT	MEME-3	TGTGTGTGTGTGTGT	meme.xml	TGTGTGTGTGTGTGT	MEME-3	TGTGTGTGTGTGTGT	0	0	.	.	.	3.63e-27	11	8	16	391	6.35e-09	5.72e-08
meme.xml	TGTGTGTGTGTGTGT	MEME-3	TGTGTGTGTGTGTGT	meme.xml	TGTGTGTGTGTGTGT	MEME-3	TGTGTGTGTGTGTGT	0	0	.	.	.	3.63e-27	9	0	9	391	7.61e-09	6.84e-08
meme.xml	TGTGTGTGTGTGTGT	MEME-3	TGTGTGTGTGTGTGT	meme.xml	TGTGTGTGTGTGTGT	MEME-3	TGTGTGTGTGTGTGT	0	0	.	.	.	3.63e-27	15	2	9	391	7.61e-09	6.84e-08
meme.xml	TGTGTGTGTGTGTGT	MEME-3	TGTGTGTGTGTGTGT	meme.xml	TGTGTGTGTGTGTGT	MEME-3	TGTGTGTGTGTGTGT	0	0	.	.	.	3.63e-27	21	2	8	391	9.79e-08	8.81e-07
meme.xml	TGTGTGTGTGTGTGT	MEME-3	TGTGTGTGTGTGTGT	meme.xml	TGTGTGTGTGTGTGT	MEME-3	TGTGTGTGTGTGTGT	0	0	.	.	.	3.63e-27	11	6	10	391	2.89e-07	2.60e-06
meme.xml	TGTGTGTGTGTGTGT	MEME-3	TGTGTGTGTGTGTGT	meme.xml	TGTGTGTGTGTGTGT	MEME-3	TGTGTGTGTGTGTGT	0	0	.	.	.	3.63e-27	11	7	10	391	2.89e-07	2.60e-06
meme.xml	TGTGTGTGTGTGTGT	MEME-3	TGTGTGTGTGTGTGT	meme.xml	TGTGTGTGTGTGTGT	MEME-3	TGTGTGTGTGTGTGT	0	0	.	.	.	3.63e-27	17	2	7	391	1.12e-06	1.01e-05
meme.xml	TGTGTGTGTGTGTGT	MEME-3	TGTGTGTGTGTGTGT	meme.xml	TGTGTGTGTGTGTGT	MEME-3	TGTGTGTGTGTGTGT	0	0	.	.	.	3.63e-27	9	4	9	391	2.08e-06	1.87e-05
meme.xml	TGTGTGTGTGTGTGT	MEME-3	TGTGTGTGTGTGTGT	meme.xml	TGTGTGTGTGTGTGT	MEME-3	TGTGTGTGTGTGTGT	0	0	.	.	.	3.63e-27	9	5	9	391	2.08e-06	1.87e-05
meme.xml	TGTGTGTGTGTGTGT	MEME-3	TGTGTGTGTGTGTGT	meme.xml	TGTGTGTGTGTGTGT	MEME-3	TGTGTGTGTGTGTGT	0	0	.	.	.	3.63e-27	15	6	9	391	2.08e-06	1.87e-05
meme.xml	TGTGTGTGTGTGTGT	MEME-3	TGTGTGTGTGTGTGT	meme.xml	TGTGTGTGTGTGTGT	MEME-3	TGTGTGTGTGTGTGT	0	0	.	.	.	3.63e-27	15	7	9	391	2.08e-06	1.87e-05
meme.xml	TGTGTGTGTGTGTGT	MEME-3	TGTGTGTGTGTGTGT	meme.xml	VDRVCAGATGG	MEME-1	VDRVCAGATGG	2	0	.	.	.	1.72e+00	46	7	6	237	3.08e-02	2.45e-01
meme.xml	TGTGTGTGTGTGTGT	MEME-3	TGTGTGTGTGTGTGT	meme.xml	CCWKCTGY	MEME-2	CCWKCTGY	0	0	.	.	.	2.46e+00	103	1	4	184	4.69e-02	3.51e-01
meme.xml	TGTGTGTGTGTGTGT	MEME-3	TGTGTGTGTGTGTGT	streme.xml	4-CTYGCCATA	STREME-4	CTYGCCATA	0	0	.	.	.	2.88e+00	8	1	2	17	5.71e-02	4.11e-01
meme.xml	TGTGTGTGTGTGTGT	MEME-3	TGTGTGTGTGTGTGT	streme.xml	1-CCATCTGBTYY	STREME-1	CCATCTGBTYY	0	2	.	.	.	5.48e+00	20	6	4	129	1.56e-01	7.82e-01
meme.xml	TGTGTGTGTGTGTGT	MEME-3	TGTGTGTGTGTGTGT	streme.xml	3-CACTGTAGGACCT	STREME-3	CACTGTAGGACCT	0	0	.	.	.	6.99e+00	32	3	1	3	5.27e-01	9.99e-01
meme.xml	TGTGTGTGTGTGTGT	MEME-3	TGTGTGTGTGTGTGT	streme.xml	2-GGAAAATGAGAA	STREME-2	GGAAAATGAGAA	0	0	.	.	.	7.00e+00	1	3	1	10	9.16e-01	1.00e+00

# SpaMo (Spaced Motif Analysis Tool): Version 5.5.2 compiled on Apr 18 2023 at 05:47:05
# The format of this file is described at https://meme-suite.org/meme/doc/spamo-output-format.html.
# spamo -verbosity 1 -oc IP_meme/spamo_out_1 -bgfile IP_meme/background -keepprimary -primary TGTGTGTGTGTGTGT IP_meme/IP_peaks.resized.bed.fa IP_meme/meme_out/meme.xml IP_meme/meme_out/meme.xml IP_meme/streme_out/streme.xml
