Query_ID	Target_ID	Optimal_offset	p-value	E-value	q-value	Overlap	Query_consensus	Target_consensus	Orientation
VDRVCAGATGG	MA1109.2	-3	1.13843e-06	0.00267077	0.00345311	8	GGAGCAGATGG	ACAGATGG	+
VDRVCAGATGG	MA0668.3	-3	1.49315e-06	0.00350294	0.00345311	8	GGAGCAGATGG	ACAGATGG	+
VDRVCAGATGG	MA1467.3	-4	1.17738e-05	0.0276212	0.0136141	7	GGAGCAGATGG	CAGATGG	+
VDRVCAGATGG	MA1642.2	-4	1.17738e-05	0.0276212	0.0136141	7	GGAGCAGATGG	CAGATGG	+
VDRVCAGATGG	MA2170.1	-3	2.21524e-05	0.0519695	0.0204921	8	GGAGCAGATGG	ACAGATGG	+
VDRVCAGATGG	MA2163.1	-4	6.79585e-05	0.159431	0.0523875	7	GGAGCAGATGG	CAGATGGT	+
VDRVCAGATGG	MA1638.2	-4	8.23905e-05	0.193288	0.0544395	6	GGAGCAGATGG	CAGATG	+
VDRVCAGATGG	MA0091.2	-2	0.000153909	0.36107	0.0889833	9	GGAGCAGATGG	AACAGATGGT	-
CCWKCTGY	MA1100.3	0	7.67243e-05	0.179995	0.0284388	8	CCAGCTGC	GCAGCTGC	-
CCWKCTGY	MA0697.3	0	8.41212e-05	0.197348	0.0284388	7	CCAGCTGC	CCTGCTG	-
CCWKCTGY	MA1109.2	0	9.42474e-05	0.221104	0.0284388	8	CCAGCTGC	CCATCTGT	-
CCWKCTGY	MA1815.2	0	9.42474e-05	0.221104	0.0284388	8	CCAGCTGC	GCTGCTGC	-
CCWKCTGY	MA1628.2	0	0.000113413	0.266066	0.0284388	7	CCAGCTGC	CCTGCTG	-
CCWKCTGY	MA0668.3	0	0.000115085	0.26999	0.0284388	8	CCAGCTGC	CCATCTGT	-
CCWKCTGY	MA0500.3	0	0.000127011	0.297969	0.0284388	8	CCAGCTGC	GCAGCTGC	+
CCWKCTGY	MA2295.1	0	0.000127011	0.297969	0.0284388	8	CCAGCTGC	GCAGCTGC	+
CCWKCTGY	MA0521.3	-1	0.000165728	0.388799	0.0284388	6	CCAGCTGC	CAGCTG	+
CCWKCTGY	MA0633.3	-1	0.000165728	0.388799	0.0284388	6	CCAGCTGC	CAGCTG	+
CCWKCTGY	MA1635.2	-1	0.000165728	0.388799	0.0284388	6	CCAGCTGC	CAGCTG	+
CCWKCTGY	MA1993.2	-1	0.000165728	0.388799	0.0284388	6	CCAGCTGC	CAGCTG	+
CCWKCTGY	MA1997.2	-1	0.000165728	0.388799	0.0284388	6	CCAGCTGC	CAGCTG	+
CCWKCTGY	MA2308.1	-1	0.000165728	0.388799	0.0284388	6	CCAGCTGC	CAGCTG	+
CCWKCTGY	MA2317.1	-1	0.000165728	0.388799	0.0284388	6	CCAGCTGC	CAGCTG	+
CCWKCTGY	MA2321.1	-1	0.000165728	0.388799	0.0284388	6	CCAGCTGC	CAGCTG	+
CCWKCTGY	MA2269.1	1	0.000182661	0.428523	0.030225	8	CCAGCTGC	AGCAGCTGCT	-
CCWKCTGY	MA1467.3	0	0.000207943	0.487834	0.0332218	7	CCAGCTGC	CCATCTG	-
CCWKCTGY	MA1642.2	0	0.000234593	0.550356	0.0350616	7	CCAGCTGC	CCATCTG	-
CCWKCTGY	MA0048.3	0	0.00024312	0.57036	0.0352005	8	CCAGCTGC	GCAGCTGCG	-
CCWKCTGY	MA2170.1	0	0.00026889	0.630816	0.0366416	8	CCAGCTGC	CCATCTGT	-
CCWKCTGY	MA0816.1	1	0.000328589	0.77087	0.0422891	8	CCAGCTGC	AGCAGCTGCT	+
TGTGTGTGTGTGTGT	MA2107.1	-4	1.28278e-07	0.00030094	0.00060188	11	TGTGTGTGTGTGTGT	TGTGTGTGTGT	-
TGTGTGTGTGTGTGT	MA0538.2	-1	2.82225e-07	0.000662099	0.000662099	14	TGTGTGTGTGTGTGT	GTGTGTGTGTGCGT	+
TGTGTGTGTGTGTGT	MA2250.1	0	0.000346531	0.812962	0.484428	11	TGTGTGTGTGTGTGT	TGCGTGGGTGG	-
TGTGTGTGTGTGTGT	MA0359.3	-1	0.000412982	0.968856	0.484428	12	TGTGTGTGTGTGTGT	ATGTATGGGTGT	+

# Tomtom (Motif Comparison Tool): Version 5.5.8 compiled on May 19 2025 at 00:20:37
# The format of this file is described at https://meme-suite.org/meme/doc/tomtom-output-format.html.
# tomtom -verbosity 1 -oc IP_meme/meme_tomtom_out -min-overlap 5 -dist pearson -evalue -thresh 1 -no-ssc IP_meme/meme_out/meme.xml JASPAR_db/JASPAR2024_CORE_non-redundant_pfms_meme.txt
