motif_ID	motif_ALT_ID	motif_P-value	seq_ID	seq_Score	seq_Class	is_holdout?
1-CCATCTGBTYY	STREME-1	5.2e-013	chr13:13546797-13547247	15.26	tp	0
1-CCATCTGBTYY	STREME-1	5.2e-013	chr18:29516143-29516593	15.26	tp	0
1-CCATCTGBTYY	STREME-1	5.2e-013	chr5:35137484-35137934	14.88	tp	0
1-CCATCTGBTYY	STREME-1	5.2e-013	chr9:76331057-76331507	14.15	tp	0
1-CCATCTGBTYY	STREME-1	5.2e-013	chrX:11800633-11801083	14.15	tp	0
1-CCATCTGBTYY	STREME-1	5.2e-013	chr3:137110427-137110877	14.14	tp	0
1-CCATCTGBTYY	STREME-1	5.2e-013	chr3:51289042-51289492	14.14	tp	0
1-CCATCTGBTYY	STREME-1	5.2e-013	chr9:98130844-98131294	14.14	tp	1
1-CCATCTGBTYY	STREME-1	5.2e-013	chr12:17557923-17558373	13.99	tp	0
1-CCATCTGBTYY	STREME-1	5.2e-013	chr8:84835015-84835465	13.91	tp	1
1-CCATCTGBTYY	STREME-1	5.2e-013	chr9:50451831-50452281	13.87	tp	0
1-CCATCTGBTYY	STREME-1	5.2e-013	chr7:109039411-109039861	13.87	tp	0
1-CCATCTGBTYY	STREME-1	5.2e-013	chr7:30450975-30451425	13.60	tp	0
1-CCATCTGBTYY	STREME-1	5.2e-013	chr17:90086804-90087254	13.60	tp	0
1-CCATCTGBTYY	STREME-1	5.2e-013	chr11:82521361-82521811	13.60	tp	0
1-CCATCTGBTYY	STREME-1	5.2e-013	chr11:118972866-118973316	13.60	tp	0
1-CCATCTGBTYY	STREME-1	5.2e-013	chr13:16646067-16646517	13.60	tp	0
1-CCATCTGBTYY	STREME-1	5.2e-013	chr7:30450733-30451183	13.60	tp	0
1-CCATCTGBTYY	STREME-1	5.2e-013	chr4:80047915-80048365	13.60	tp	0
1-CCATCTGBTYY	STREME-1	5.2e-013	chr4:20460291-20460741	13.60	tp	0
1-CCATCTGBTYY	STREME-1	5.2e-013	chr11:118760536-118760986	13.60	fp	0
1-CCATCTGBTYY	STREME-1	5.2e-013	chr10:77759065-77759515	13.60	fp	0
1-CCATCTGBTYY	STREME-1	5.2e-013	chr9:95168426-95168876	13.60	tp	1
1-CCATCTGBTYY	STREME-1	5.2e-013	chr17:31766735-31767185	13.60	tp	1
1-CCATCTGBTYY	STREME-1	5.2e-013	chr3:53416049-53416499	13.38	tp	0
1-CCATCTGBTYY	STREME-1	5.2e-013	chr8:68830108-68830558	13.38	tp	0
1-CCATCTGBTYY	STREME-1	5.2e-013	chr2:35477284-35477734	13.38	tp	0
1-CCATCTGBTYY	STREME-1	5.2e-013	chr5:120656176-120656626	13.38	fp	0
1-CCATCTGBTYY	STREME-1	5.2e-013	chr11:101526153-101526603	13.38	fp	0
1-CCATCTGBTYY	STREME-1	5.2e-013	chr5:140098675-140099125	13.36	tp	0
1-CCATCTGBTYY	STREME-1	5.2e-013	chr18:65855481-65855931	13.32	tp	0
1-CCATCTGBTYY	STREME-1	5.2e-013	chr16:94313443-94313893	13.29	tp	0
1-CCATCTGBTYY	STREME-1	5.2e-013	chr11:118972866-118973316	13.29	fp	0
1-CCATCTGBTYY	STREME-1	5.2e-013	chr7:30450975-30451425	13.29	fp	0
1-CCATCTGBTYY	STREME-1	5.2e-013	chr15:37397564-37398014	13.29	fp	0
1-CCATCTGBTYY	STREME-1	5.2e-013	chr5:128439769-128440219	13.23	fp	0
1-CCATCTGBTYY	STREME-1	5.2e-013	chr8:27000122-27000572	13.16	tp	0
1-CCATCTGBTYY	STREME-1	5.2e-013	chr5:112091870-112092320	13.16	tp	0
1-CCATCTGBTYY	STREME-1	5.2e-013	chr7:117185839-117186289	13.14	tp	0
1-CCATCTGBTYY	STREME-1	5.2e-013	chr12:112439977-112440427	13.14	tp	0
1-CCATCTGBTYY	STREME-1	5.2e-013	chr16:63091366-63091816	13.07	tp	0
1-CCATCTGBTYY	STREME-1	5.2e-013	chr6:104312955-104313405	13.07	fp	0
1-CCATCTGBTYY	STREME-1	5.2e-013	chr5:129412111-129412561	13.07	tp	1
1-CCATCTGBTYY	STREME-1	5.2e-013	chr5:137086833-137087283	13.06	tp	0
1-CCATCTGBTYY	STREME-1	5.2e-013	chr13:52844067-52844517	13.06	tp	0
1-CCATCTGBTYY	STREME-1	5.2e-013	chr8:127107881-127108331	12.96	tp	0
1-CCATCTGBTYY	STREME-1	5.2e-013	chr16:29198269-29198719	12.96	tp	0
1-CCATCTGBTYY	STREME-1	5.2e-013	chr9:94278851-94279301	12.96	tp	0
1-CCATCTGBTYY	STREME-1	5.2e-013	chr2:4436185-4436635	12.96	tp	0
1-CCATCTGBTYY	STREME-1	5.2e-013	chr9:115943012-115943462	12.96	tp	0
1-CCATCTGBTYY	STREME-1	5.2e-013	chr19:27598295-27598745	12.96	tp	0
1-CCATCTGBTYY	STREME-1	5.2e-013	chr7:119047298-119047748	12.96	tp	0
1-CCATCTGBTYY	STREME-1	5.2e-013	chr19:55985538-55985988	12.96	tp	0
1-CCATCTGBTYY	STREME-1	5.2e-013	chr16:25039803-25040253	12.96	tp	0
1-CCATCTGBTYY	STREME-1	5.2e-013	chr4:46889067-46889517	12.96	tp	1
1-CCATCTGBTYY	STREME-1	5.2e-013	chr17:3251159-3251609	12.96	tp	1
1-CCATCTGBTYY	STREME-1	5.2e-013	chr7:96474799-96475249	12.96	tp	0
1-CCATCTGBTYY	STREME-1	5.2e-013	chr4:69538150-69538600	12.96	tp	0
1-CCATCTGBTYY	STREME-1	5.2e-013	chr16:41172785-41173235	12.95	tp	0
1-CCATCTGBTYY	STREME-1	5.2e-013	chr19:14681254-14681704	12.95	tp	0
1-CCATCTGBTYY	STREME-1	5.2e-013	chr11:65402864-65403314	12.95	tp	0
1-CCATCTGBTYY	STREME-1	5.2e-013	chr15:34281261-34281711	12.93	tp	0
1-CCATCTGBTYY	STREME-1	5.2e-013	chr4:56088719-56089169	12.93	fp	0
1-CCATCTGBTYY	STREME-1	5.2e-013	chr2:166653411-166653861	12.90	fp	0
1-CCATCTGBTYY	STREME-1	5.2e-013	chr8:52571172-52571622	12.90	tp	0
1-CCATCTGBTYY	STREME-1	5.2e-013	chr4:56088719-56089169	12.90	tp	1
1-CCATCTGBTYY	STREME-1	5.2e-013	chr1:35137885-35138335	12.73	tp	0
1-CCATCTGBTYY	STREME-1	5.2e-013	chr11:115678790-115679240	12.64	tp	0
1-CCATCTGBTYY	STREME-1	5.2e-013	chr7:99374254-99374704	12.60	tp	0
1-CCATCTGBTYY	STREME-1	5.2e-013	chr3:102071010-102071460	12.58	tp	0
1-CCATCTGBTYY	STREME-1	5.2e-013	chr12:26802496-26802946	12.58	tp	0
1-CCATCTGBTYY	STREME-1	5.2e-013	chr5:34729133-34729583	12.58	tp	0
1-CCATCTGBTYY	STREME-1	5.2e-013	chr4:107358425-107358875	12.58	fp	0
1-CCATCTGBTYY	STREME-1	5.2e-013	chr4:152572266-152572716	12.58	fp	0
1-CCATCTGBTYY	STREME-1	5.2e-013	chr6:84232327-84232777	12.58	fp	1
1-CCATCTGBTYY	STREME-1	5.2e-013	chr11:65930813-65931263	12.56	tp	0
1-CCATCTGBTYY	STREME-1	5.2e-013	chr14:80232883-80233333	12.56	tp	0
1-CCATCTGBTYY	STREME-1	5.2e-013	chr8:122676960-122677410	12.56	tp	0
1-CCATCTGBTYY	STREME-1	5.2e-013	chr5:102953427-102953877	12.56	tp	0
1-CCATCTGBTYY	STREME-1	5.2e-013	chr4:106955759-106956209	12.56	tp	0
1-CCATCTGBTYY	STREME-1	5.2e-013	chr6:148571606-148572056	12.56	tp	0
1-CCATCTGBTYY	STREME-1	5.2e-013	chr11:108080910-108081360	12.56	fp	0
1-CCATCTGBTYY	STREME-1	5.2e-013	chr1:32644935-32645385	12.56	tp	1
1-CCATCTGBTYY	STREME-1	5.2e-013	chr2:156233626-156234076	12.56	tp	1
1-CCATCTGBTYY	STREME-1	5.2e-013	chr13:97291946-97292396	12.56	fp	1
1-CCATCTGBTYY	STREME-1	5.2e-013	chr17:8702528-8702978	12.56	tp	0
1-CCATCTGBTYY	STREME-1	5.2e-013	chr10:77811238-77811688	12.55	tp	0
1-CCATCTGBTYY	STREME-1	5.2e-013	chr10:77787535-77787985	12.55	tp	0
1-CCATCTGBTYY	STREME-1	5.2e-013	chr10:77776256-77776706	12.55	tp	0
1-CCATCTGBTYY	STREME-1	5.2e-013	chr5:125128800-125129250	12.55	tp	0
1-CCATCTGBTYY	STREME-1	5.2e-013	chr10:77781907-77782357	12.55	tp	0
1-CCATCTGBTYY	STREME-1	5.2e-013	chr10:77814861-77815311	12.55	tp	0
1-CCATCTGBTYY	STREME-1	5.2e-013	chr10:77853002-77853452	12.55	tp	0
1-CCATCTGBTYY	STREME-1	5.2e-013	chr7:46648396-46648846	12.55	tp	0
1-CCATCTGBTYY	STREME-1	5.2e-013	chr10:77794453-77794903	12.55	tp	0
1-CCATCTGBTYY	STREME-1	5.2e-013	chrX:8222188-8222638	12.55	tp	0
1-CCATCTGBTYY	STREME-1	5.2e-013	chr10:77759065-77759515	12.55	tp	0
1-CCATCTGBTYY	STREME-1	5.2e-013	chr10:77798445-77798895	12.55	tp	0
1-CCATCTGBTYY	STREME-1	5.2e-013	chr15:85403178-85403628	12.55	tp	0
1-CCATCTGBTYY	STREME-1	5.2e-013	chr8:91676919-91677369	12.55	tp	0
1-CCATCTGBTYY	STREME-1	5.2e-013	chr10:77690038-77690488	12.55	tp	0
1-CCATCTGBTYY	STREME-1	5.2e-013	chr10:77696565-77697015	12.55	tp	0
1-CCATCTGBTYY	STREME-1	5.2e-013	chr10:77770715-77771165	12.55	tp	0
1-CCATCTGBTYY	STREME-1	5.2e-013	chr16:40228628-40229078	12.55	tp	0
1-CCATCTGBTYY	STREME-1	5.2e-013	chr10:77741871-77742321	12.55	tp	0
1-CCATCTGBTYY	STREME-1	5.2e-013	chr5:140021688-140022138	12.55	tp	0
1-CCATCTGBTYY	STREME-1	5.2e-013	chr10:77770715-77771165	12.55	fp	0
1-CCATCTGBTYY	STREME-1	5.2e-013	chr2:101591366-101591816	12.55	fp	0
1-CCATCTGBTYY	STREME-1	5.2e-013	chr11:101526153-101526603	12.55	tp	1
1-CCATCTGBTYY	STREME-1	5.2e-013	chr12:25871159-25871609	12.54	tp	0
1-CCATCTGBTYY	STREME-1	5.2e-013	chr9:79004643-79005093	12.54	tp	0
1-CCATCTGBTYY	STREME-1	5.2e-013	chr12:27479653-27480103	12.54	tp	0
1-CCATCTGBTYY	STREME-1	5.2e-013	chr11:9269071-9269521	12.49	tp	0
1-CCATCTGBTYY	STREME-1	5.2e-013	chr15:64429536-64429986	12.49	tp	0
1-CCATCTGBTYY	STREME-1	5.2e-013	chr4:97575471-97575921	12.49	tp	1
1-CCATCTGBTYY	STREME-1	5.2e-013	chr7:96523655-96524105	12.45	fp	0
1-CCATCTGBTYY	STREME-1	5.2e-013	chr13:54266446-54266896	12.42	tp	0
1-CCATCTGBTYY	STREME-1	5.2e-013	chr15:32324078-32324528	12.40	tp	0
1-CCATCTGBTYY	STREME-1	5.2e-013	chr12:112590857-112591307	12.40	tp	0
1-CCATCTGBTYY	STREME-1	5.2e-013	chr12:81820661-81821111	12.38	tp	0
1-CCATCTGBTYY	STREME-1	5.2e-013	chr5:119491867-119492317	12.35	tp	0
1-CCATCTGBTYY	STREME-1	5.2e-013	chr9:100560528-100560978	12.35	tp	0
1-CCATCTGBTYY	STREME-1	5.2e-013	chr5:5528193-5528643	12.35	tp	0
1-CCATCTGBTYY	STREME-1	5.2e-013	chr5:78993244-78993694	12.32	tp	0
1-CCATCTGBTYY	STREME-1	5.2e-013	chr6:34482788-34483238	12.32	tp	0
1-CCATCTGBTYY	STREME-1	5.2e-013	chr19:10809630-10810080	12.32	tp	0
1-CCATCTGBTYY	STREME-1	5.2e-013	chr7:124358031-124358481	12.32	tp	0
1-CCATCTGBTYY	STREME-1	5.2e-013	chr5:111720451-111720901	12.32	fp	0
1-CCATCTGBTYY	STREME-1	5.2e-013	chr5:119491867-119492317	12.32	fp	0
1-CCATCTGBTYY	STREME-1	5.2e-013	chr3:122814535-122814985	12.32	tp	1
1-CCATCTGBTYY	STREME-1	5.2e-013	chr4:85922735-85923185	12.32	tp	1
1-CCATCTGBTYY	STREME-1	5.2e-013	chr18:33751033-33751483	12.30	tp	1
1-CCATCTGBTYY	STREME-1	5.2e-013	chr2:171713167-171713617	12.29	tp	0
1-CCATCTGBTYY	STREME-1	5.2e-013	chr11:19899619-19900069	12.29	tp	0
1-CCATCTGBTYY	STREME-1	5.2e-013	chr9:97638948-97639398	12.29	tp	0
1-CCATCTGBTYY	STREME-1	5.2e-013	chr5:34197186-34197636	12.29	fp	1
1-CCATCTGBTYY	STREME-1	5.2e-013	chr7:118428867-118429317	12.22	tp	0
1-CCATCTGBTYY	STREME-1	5.2e-013	chr11:80551576-80552026	12.16	tp	0
1-CCATCTGBTYY	STREME-1	5.2e-013	chr16:17208694-17209144	12.14	tp	0
1-CCATCTGBTYY	STREME-1	5.2e-013	chr8:111218099-111218549	12.06	tp	1
1-CCATCTGBTYY	STREME-1	5.2e-013	chr7:36265150-36265600	12.06	tp	0
1-CCATCTGBTYY	STREME-1	5.2e-013	chr5:133156376-133156826	12.06	tp	1
1-CCATCTGBTYY	STREME-1	5.2e-013	chr1:135604703-135605153	12.03	tp	0
1-CCATCTGBTYY	STREME-1	5.2e-013	chr17:88316577-88317027	12.03	tp	1
1-CCATCTGBTYY	STREME-1	5.2e-013	chr2:77065282-77065732	11.94	tp	0
1-CCATCTGBTYY	STREME-1	5.2e-013	chr9:112102432-112102882	11.93	tp	0
1-CCATCTGBTYY	STREME-1	5.2e-013	chr12:12715990-12716440	11.93	tp	0
1-CCATCTGBTYY	STREME-1	5.2e-013	chr10:109684537-109684987	11.93	tp	0
1-CCATCTGBTYY	STREME-1	5.2e-013	chr1:153308898-153309348	11.81	tp	0
1-CCATCTGBTYY	STREME-1	5.2e-013	chr3:39745920-39746370	11.77	tp	0
1-CCATCTGBTYY	STREME-1	5.2e-013	chr3:18625620-18626070	11.77	tp	0
1-CCATCTGBTYY	STREME-1	5.2e-013	chr4:8850391-8850841	11.77	tp	0
1-CCATCTGBTYY	STREME-1	5.2e-013	chr6:54802389-54802839	11.77	tp	0
1-CCATCTGBTYY	STREME-1	5.2e-013	chr15:86962868-86963318	11.77	tp	0
1-CCATCTGBTYY	STREME-1	5.2e-013	chr4:119986635-119987085	11.76	tp	0
1-CCATCTGBTYY	STREME-1	5.2e-013	chr2:143701129-143701579	11.76	tp	0
1-CCATCTGBTYY	STREME-1	5.2e-013	chr1:39477871-39478321	11.75	tp	0
1-CCATCTGBTYY	STREME-1	5.2e-013	chr10:84387311-84387761	11.75	tp	1
1-CCATCTGBTYY	STREME-1	5.2e-013	chr4:111866666-111867116	11.75	fp	0
1-CCATCTGBTYY	STREME-1	5.2e-013	chr6:137272444-137272894	11.72	tp	0
1-CCATCTGBTYY	STREME-1	5.2e-013	chr16:96249585-96250035	11.72	tp	0
1-CCATCTGBTYY	STREME-1	5.2e-013	chr15:77279649-77280099	11.72	tp	0
1-CCATCTGBTYY	STREME-1	5.2e-013	chr11:44626024-44626474	11.69	tp	0
1-CCATCTGBTYY	STREME-1	5.2e-013	chr4:105001764-105002214	11.63	tp	0
1-CCATCTGBTYY	STREME-1	5.2e-013	chr17:29680159-29680609	11.63	tp	0
1-CCATCTGBTYY	STREME-1	5.2e-013	chr2:136803109-136803559	11.61	tp	0
1-CCATCTGBTYY	STREME-1	5.2e-013	chr1:169060550-169061000	11.61	tp	0
1-CCATCTGBTYY	STREME-1	5.2e-013	chr5:120656176-120656626	11.61	tp	0
1-CCATCTGBTYY	STREME-1	5.2e-013	chr18:12120405-12120855	11.61	tp	0
1-CCATCTGBTYY	STREME-1	5.2e-013	chr3:41962901-41963351	11.60	tp	0
1-CCATCTGBTYY	STREME-1	5.2e-013	chr8:126063946-126064396	11.60	tp	0
1-CCATCTGBTYY	STREME-1	5.2e-013	chr9:110445354-110445804	11.60	fp	0
1-CCATCTGBTYY	STREME-1	5.2e-013	chr1:143903975-143904425	11.60	tp	0
1-CCATCTGBTYY	STREME-1	5.2e-013	chr1:177364313-177364763	11.46	tp	0
1-CCATCTGBTYY	STREME-1	5.2e-013	chr11:118760536-118760986	11.46	tp	0
1-CCATCTGBTYY	STREME-1	5.2e-013	chr10:20380794-20381244	11.45	tp	0
1-CCATCTGBTYY	STREME-1	5.2e-013	chr10:73930991-73931441	11.45	tp	0
1-CCATCTGBTYY	STREME-1	5.2e-013	chr11:59640382-59640832	11.45	fp	0
1-CCATCTGBTYY	STREME-1	5.2e-013	chr8:125959425-125959875	11.42	tp	0
1-CCATCTGBTYY	STREME-1	5.2e-013	chr12:78001815-78002265	11.42	tp	0
1-CCATCTGBTYY	STREME-1	5.2e-013	chr5:131794587-131795037	11.42	tp	0
1-CCATCTGBTYY	STREME-1	5.2e-013	chr14:34944584-34945034	11.42	tp	0
1-CCATCTGBTYY	STREME-1	5.2e-013	chr1:28214256-28214706	11.42	tp	0
1-CCATCTGBTYY	STREME-1	5.2e-013	chr2:166632927-166633377	11.42	tp	0
1-CCATCTGBTYY	STREME-1	5.2e-013	chr2:168440742-168441192	11.42	tp	0
1-CCATCTGBTYY	STREME-1	5.2e-013	chrX:147527784-147528234	11.42	tp	1
1-CCATCTGBTYY	STREME-1	5.2e-013	chr4:70058800-70059250	11.40	tp	1
1-CCATCTGBTYY	STREME-1	5.2e-013	chr6:36926464-36926914	11.39	tp	0
1-CCATCTGBTYY	STREME-1	5.2e-013	chr9:29796263-29796713	11.37	tp	1
1-CCATCTGBTYY	STREME-1	5.2e-013	chr1:179184611-179185061	11.37	tp	0
1-CCATCTGBTYY	STREME-1	5.2e-013	chr18:37879961-37880411	11.37	tp	0
1-CCATCTGBTYY	STREME-1	5.2e-013	chr13:58068417-58068867	11.37	tp	0
1-CCATCTGBTYY	STREME-1	5.2e-013	chr17:83115137-83115587	11.37	tp	0
1-CCATCTGBTYY	STREME-1	5.2e-013	chr7:121939693-121940143	11.37	tp	0
1-CCATCTGBTYY	STREME-1	5.2e-013	chr11:69211393-69211843	11.37	tp	0
1-CCATCTGBTYY	STREME-1	5.2e-013	chr10:89825276-89825726	11.37	fp	0
1-CCATCTGBTYY	STREME-1	5.2e-013	chr2:166636820-166637270	11.37	tp	1
1-CCATCTGBTYY	STREME-1	5.2e-013	chr4:45755836-45756286	11.36	tp	0
1-CCATCTGBTYY	STREME-1	5.2e-013	chr8:57333306-57333756	11.35	tp	0
1-CCATCTGBTYY	STREME-1	5.2e-013	chr15:88451211-88451661	11.35	tp	0
1-CCATCTGBTYY	STREME-1	5.2e-013	chr2:165068766-165069216	11.35	tp	0
1-CCATCTGBTYY	STREME-1	5.2e-013	chr4:103577397-103577847	11.33	tp	0
1-CCATCTGBTYY	STREME-1	5.2e-013	chr8:120557537-120557987	11.31	tp	0
1-CCATCTGBTYY	STREME-1	5.2e-013	chr18:33425621-33426071	11.29	tp	0
1-CCATCTGBTYY	STREME-1	5.2e-013	chr15:55137353-55137803	11.29	tp	1
1-CCATCTGBTYY	STREME-1	5.2e-013	chr18:79050768-79051218	11.27	tp	0
1-CCATCTGBTYY	STREME-1	5.2e-013	chr19:41047421-41047871	11.27	tp	0
1-CCATCTGBTYY	STREME-1	5.2e-013	chr18:73318525-73318975	11.27	tp	0
1-CCATCTGBTYY	STREME-1	5.2e-013	chr12:112439977-112440427	11.27	fp	0
1-CCATCTGBTYY	STREME-1	5.2e-013	chr19:7148751-7149201	11.27	tp	0
1-CCATCTGBTYY	STREME-1	5.2e-013	chr11:108080910-108081360	11.25	tp	1
1-CCATCTGBTYY	STREME-1	5.2e-013	chr1:168240820-168241270	11.24	tp	0
1-CCATCTGBTYY	STREME-1	5.2e-013	chr5:111720451-111720901	11.21	tp	0
1-CCATCTGBTYY	STREME-1	5.2e-013	chr15:37397564-37398014	11.21	tp	0
1-CCATCTGBTYY	STREME-1	5.2e-013	chr15:102584090-102584540	11.19	tp	0
1-CCATCTGBTYY	STREME-1	5.2e-013	chr2:154583886-154584336	11.18	tp	0
1-CCATCTGBTYY	STREME-1	5.2e-013	chr2:113682090-113682540	11.17	tp	0
1-CCATCTGBTYY	STREME-1	5.2e-013	chr12:12715990-12716440	11.17	fp	0
1-CCATCTGBTYY	STREME-1	5.2e-013	chr9:123384587-123385037	11.11	tp	0
1-CCATCTGBTYY	STREME-1	5.2e-013	chr3:42023078-42023528	11.11	tp	1
1-CCATCTGBTYY	STREME-1	5.2e-013	chr10:11515052-11515502	11.08	tp	0
1-CCATCTGBTYY	STREME-1	5.2e-013	chr8:79140970-79141420	11.08	tp	0
1-CCATCTGBTYY	STREME-1	5.2e-013	chr9:59197471-59197921	11.08	tp	0
1-CCATCTGBTYY	STREME-1	5.2e-013	chr2:129998460-129998910	11.04	tp	0
1-CCATCTGBTYY	STREME-1	5.2e-013	chr5:148453739-148454189	11.04	tp	0
1-CCATCTGBTYY	STREME-1	5.2e-013	chr8:68044764-68045214	11.04	fp	0
1-CCATCTGBTYY	STREME-1	5.2e-013	chr9:27192486-27192936	11.04	tp	1
1-CCATCTGBTYY	STREME-1	5.2e-013	chr6:113856825-113857275	11.04	tp	0
1-CCATCTGBTYY	STREME-1	5.2e-013	chr10:121956476-121956926	11.03	tp	0
1-CCATCTGBTYY	STREME-1	5.2e-013	chr13:117048506-117048956	11.03	tp	0
1-CCATCTGBTYY	STREME-1	5.2e-013	chr4:111866666-111867116	11.02	tp	0
1-CCATCTGBTYY	STREME-1	5.2e-013	chr1:43024751-43025201	11.01	tp	0
1-CCATCTGBTYY	STREME-1	5.2e-013	chr2:146045339-146045789	11.01	tp	0
1-CCATCTGBTYY	STREME-1	5.2e-013	chr9:70402158-70402608	11.01	tp	0
1-CCATCTGBTYY	STREME-1	5.2e-013	chr10:19277159-19277609	11.01	tp	1
1-CCATCTGBTYY	STREME-1	5.2e-013	chr16:25255578-25256028	11.00	tp	0
1-CCATCTGBTYY	STREME-1	5.2e-013	chr13:103806118-103806568	11.00	tp	0
1-CCATCTGBTYY	STREME-1	5.2e-013	chr6:91359688-91360138	10.94	tp	0
1-CCATCTGBTYY	STREME-1	5.2e-013	chr7:39200199-39200649	10.94	fp	0
1-CCATCTGBTYY	STREME-1	5.2e-013	chr12:80736602-80737052	10.94	fp	0
1-CCATCTGBTYY	STREME-1	5.2e-013	chr12:27054383-27054833	10.92	tp	0
1-CCATCTGBTYY	STREME-1	5.2e-013	chr1:170721512-170721962	10.89	tp	0
1-CCATCTGBTYY	STREME-1	5.2e-013	chr5:32335092-32335542	10.85	tp	0
1-CCATCTGBTYY	STREME-1	5.2e-013	chr5:132029615-132030065	10.85	tp	0
1-CCATCTGBTYY	STREME-1	5.2e-013	chr6:50890347-50890797	10.85	tp	0
1-CCATCTGBTYY	STREME-1	5.2e-013	chr18:14261242-14261692	10.85	fp	0
1-CCATCTGBTYY	STREME-1	5.2e-013	chr1:177039247-177039697	10.85	tp	1
1-CCATCTGBTYY	STREME-1	5.2e-013	chr5:117840975-117841425	10.84	tp	1
1-CCATCTGBTYY	STREME-1	5.2e-013	chr15:31264822-31265272	10.82	tp	0
1-CCATCTGBTYY	STREME-1	5.2e-013	chr3:15194332-15194782	10.82	tp	0
1-CCATCTGBTYY	STREME-1	5.2e-013	chr11:70293850-70294300	10.81	tp	0
1-CCATCTGBTYY	STREME-1	5.2e-013	chr1:190213155-190213605	10.81	tp	0
1-CCATCTGBTYY	STREME-1	5.2e-013	chr4:128398942-128399392	10.81	tp	0
1-CCATCTGBTYY	STREME-1	5.2e-013	chr12:29639741-29640191	10.81	tp	1
1-CCATCTGBTYY	STREME-1	5.2e-013	chr8:125080993-125081443	10.81	tp	0
1-CCATCTGBTYY	STREME-1	5.2e-013	chr8:86713753-86714203	10.79	tp	0
1-CCATCTGBTYY	STREME-1	5.2e-013	chr11:59640382-59640832	10.79	tp	0
1-CCATCTGBTYY	STREME-1	5.2e-013	chr11:59640740-59641190	10.79	tp	0
1-CCATCTGBTYY	STREME-1	5.2e-013	chr16:85887652-85888102	10.78	tp	0
1-CCATCTGBTYY	STREME-1	5.2e-013	chr6:146281990-146282440	10.78	tp	0
1-CCATCTGBTYY	STREME-1	5.2e-013	chr9:62222450-62222900	10.78	tp	0
1-CCATCTGBTYY	STREME-1	5.2e-013	chr8:84787522-84787972	10.76	tp	0
1-CCATCTGBTYY	STREME-1	5.2e-013	chr17:87745298-87745748	10.74	tp	1
1-CCATCTGBTYY	STREME-1	5.2e-013	chr2:144019327-144019777	10.73	tp	0
1-CCATCTGBTYY	STREME-1	5.2e-013	chr9:60957518-60957968	10.71	tp	0
1-CCATCTGBTYY	STREME-1	5.2e-013	chr16:33735712-33736162	10.71	tp	0
1-CCATCTGBTYY	STREME-1	5.2e-013	chr12:72285451-72285901	10.71	tp	0
1-CCATCTGBTYY	STREME-1	5.2e-013	chr7:124131246-124131696	10.71	tp	0
1-CCATCTGBTYY	STREME-1	5.2e-013	chr3:88226061-88226511	10.71	tp	0
1-CCATCTGBTYY	STREME-1	5.2e-013	chr5:35138238-35138688	10.71	tp	0
1-CCATCTGBTYY	STREME-1	5.2e-013	chr19:41101340-41101790	10.71	tp	0
1-CCATCTGBTYY	STREME-1	5.2e-013	chr17:31766735-31767185	10.71	fp	0
1-CCATCTGBTYY	STREME-1	5.2e-013	chr5:141083940-141084390	10.70	tp	0
1-CCATCTGBTYY	STREME-1	5.2e-013	chr10:71667054-71667504	10.69	fp	0
1-CCATCTGBTYY	STREME-1	5.2e-013	chr10:10942239-10942689	10.67	tp	0
1-CCATCTGBTYY	STREME-1	5.2e-013	chr9:62477046-62477496	10.67	tp	0
1-CCATCTGBTYY	STREME-1	5.2e-013	chr1:155193039-155193489	10.66	tp	0
1-CCATCTGBTYY	STREME-1	5.2e-013	chr9:22036136-22036586	10.66	fp	0
1-CCATCTGBTYY	STREME-1	5.2e-013	chr6:140776300-140776750	10.64	tp	0
1-CCATCTGBTYY	STREME-1	5.2e-013	chr9:121398758-121399208	10.64	tp	0
1-CCATCTGBTYY	STREME-1	5.2e-013	chr2:33014820-33015270	10.63	tp	0
1-CCATCTGBTYY	STREME-1	5.2e-013	chr1:33522120-33522570	10.63	tp	0
1-CCATCTGBTYY	STREME-1	5.2e-013	chr1:33522120-33522570	10.63	fp	0
1-CCATCTGBTYY	STREME-1	5.2e-013	chr12:87043082-87043532	10.62	tp	0
1-CCATCTGBTYY	STREME-1	5.2e-013	chr6:140698002-140698452	10.62	tp	0
1-CCATCTGBTYY	STREME-1	5.2e-013	chr3:104666960-104667410	10.62	tp	1
1-CCATCTGBTYY	STREME-1	5.2e-013	chr14:64140097-64140547	10.61	fp	0
1-CCATCTGBTYY	STREME-1	5.2e-013	chr4:107358425-107358875	10.58	tp	0
1-CCATCTGBTYY	STREME-1	5.2e-013	chr11:82521361-82521811	10.56	fp	0
1-CCATCTGBTYY	STREME-1	5.2e-013	chr3:126725588-126726038	10.53	tp	0
1-CCATCTGBTYY	STREME-1	5.2e-013	chr3:102644248-102644698	10.53	tp	0
1-CCATCTGBTYY	STREME-1	5.2e-013	chr4:40849977-40850427	10.52	fp	0
1-CCATCTGBTYY	STREME-1	5.2e-013	chr3:28457328-28457778	10.50	tp	0
1-CCATCTGBTYY	STREME-1	5.2e-013	chr9:53915982-53916432	10.50	tp	0
1-CCATCTGBTYY	STREME-1	5.2e-013	chr7:73186430-73186880	10.48	tp	0
1-CCATCTGBTYY	STREME-1	5.2e-013	chr3:107431393-107431843	10.48	tp	0
1-CCATCTGBTYY	STREME-1	5.2e-013	chr14:59903802-59904252	10.48	tp	0
1-CCATCTGBTYY	STREME-1	5.2e-013	chr13:97291946-97292396	10.48	tp	0
1-CCATCTGBTYY	STREME-1	5.2e-013	chr9:110443623-110444073	10.48	fp	0
1-CCATCTGBTYY	STREME-1	5.2e-013	chr6:14142053-14142503	10.47	tp	0
1-CCATCTGBTYY	STREME-1	5.2e-013	chr2:101591366-101591816	10.43	tp	0
1-CCATCTGBTYY	STREME-1	5.2e-013	chr16:7788163-7788613	10.40	tp	0
1-CCATCTGBTYY	STREME-1	5.2e-013	chr1:176994661-176995111	10.40	tp	0
1-CCATCTGBTYY	STREME-1	5.2e-013	chr1:126153799-126154249	10.39	tp	0
1-CCATCTGBTYY	STREME-1	5.2e-013	chr7:111785518-111785968	10.36	tp	0
1-CCATCTGBTYY	STREME-1	5.2e-013	chr8:114591228-114591678	10.36	tp	0
1-CCATCTGBTYY	STREME-1	5.2e-013	chr16:29198269-29198719	10.33	fp	0
1-CCATCTGBTYY	STREME-1	5.2e-013	chr5:27203092-27203542	10.32	tp	0
1-CCATCTGBTYY	STREME-1	5.2e-013	chr3:95027655-95028105	10.32	tp	0
1-CCATCTGBTYY	STREME-1	5.2e-013	chr4:105001764-105002214	10.32	fp	0
1-CCATCTGBTYY	STREME-1	5.2e-013	chr5:97300925-97301375	10.31	tp	1
1-CCATCTGBTYY	STREME-1	5.2e-013	chr7:73917991-73918441	10.27	tp	0
1-CCATCTGBTYY	STREME-1	5.2e-013	chr11:3100267-3100717	10.27	fp	0
1-CCATCTGBTYY	STREME-1	5.2e-013	chr15:55417865-55418315	10.25	tp	0
1-CCATCTGBTYY	STREME-1	5.2e-013	chr16:94289129-94289579	10.23	tp	0
1-CCATCTGBTYY	STREME-1	5.2e-013	chr8:127107881-127108331	10.23	fp	0
1-CCATCTGBTYY	STREME-1	5.2e-013	chr4:97880316-97880766	10.23	tp	0
1-CCATCTGBTYY	STREME-1	5.2e-013	chr17:10474904-10475354	10.22	tp	0
1-CCATCTGBTYY	STREME-1	5.2e-013	chr4:119986635-119987085	10.21	fp	1
1-CCATCTGBTYY	STREME-1	5.2e-013	chr8:32792804-32793254	10.19	tp	0
1-CCATCTGBTYY	STREME-1	5.2e-013	chr8:12340920-12341370	10.19	tp	0
1-CCATCTGBTYY	STREME-1	5.2e-013	chr11:65905472-65905922	10.18	tp	0
1-CCATCTGBTYY	STREME-1	5.2e-013	chr18:76354585-76355035	10.18	tp	0
1-CCATCTGBTYY	STREME-1	5.2e-013	chr6:111372994-111373444	10.18	tp	0
1-CCATCTGBTYY	STREME-1	5.2e-013	chr11:56762677-56763127	10.18	tp	0
1-CCATCTGBTYY	STREME-1	5.2e-013	chr6:99968909-99969359	10.18	tp	0
1-CCATCTGBTYY	STREME-1	5.2e-013	chr10:77814861-77815311	10.18	fp	0
1-CCATCTGBTYY	STREME-1	5.2e-013	chr9:79004643-79005093	10.18	fp	0
1-CCATCTGBTYY	STREME-1	5.2e-013	chr13:52844067-52844517	10.11	fp	0
1-CCATCTGBTYY	STREME-1	5.2e-013	chr4:101450385-101450835	10.09	tp	0
1-CCATCTGBTYY	STREME-1	5.2e-013	chr14:47915491-47915941	10.08	tp	0
1-CCATCTGBTYY	STREME-1	5.2e-013	chr9:121541492-121541942	10.08	fp	0
1-CCATCTGBTYY	STREME-1	5.2e-013	chr12:27479653-27480103	10.08	fp	0
1-CCATCTGBTYY	STREME-1	5.2e-013	chr3:33000350-33000800	10.08	tp	1
1-CCATCTGBTYY	STREME-1	5.2e-013	chr4:152628119-152628569	10.07	tp	0
1-CCATCTGBTYY	STREME-1	5.2e-013	chr7:133003398-133003848	10.07	tp	0
1-CCATCTGBTYY	STREME-1	5.2e-013	chrX:147527784-147528234	10.07	fp	0
1-CCATCTGBTYY	STREME-1	5.2e-013	chr7:102369662-102370112	10.06	tp	0
1-CCATCTGBTYY	STREME-1	5.2e-013	chr17:13583839-13584289	10.05	tp	0
1-CCATCTGBTYY	STREME-1	5.2e-013	chr11:65930813-65931263	10.05	fp	0
1-CCATCTGBTYY	STREME-1	5.2e-013	chr7:110952774-110953224	10.05	fp	0
1-CCATCTGBTYY	STREME-1	5.2e-013	chr7:110952774-110953224	10.05	tp	1
1-CCATCTGBTYY	STREME-1	5.2e-013	chr10:53612183-53612633	10.04	tp	0
1-CCATCTGBTYY	STREME-1	5.2e-013	chr10:95035544-95035994	10.02	tp	0
1-CCATCTGBTYY	STREME-1	5.2e-013	chr13:58158621-58159071	10.02	tp	0
1-CCATCTGBTYY	STREME-1	5.2e-013	chr19:58762703-58763153	9.97	tp	0
1-CCATCTGBTYY	STREME-1	5.2e-013	chr7:80687575-80688025	9.97	tp	0
1-CCATCTGBTYY	STREME-1	5.2e-013	chr10:77853002-77853452	9.97	fp	0
1-CCATCTGBTYY	STREME-1	5.2e-013	chr8:12340920-12341370	9.95	fp	0
1-CCATCTGBTYY	STREME-1	5.2e-013	chr1:33947016-33947466	9.94	tp	1
1-CCATCTGBTYY	STREME-1	5.2e-013	chr3:137728618-137729068	9.94	tp	0
1-CCATCTGBTYY	STREME-1	5.2e-013	chr4:13248396-13248846	9.92	tp	0
1-CCATCTGBTYY	STREME-1	5.2e-013	chr16:22430225-22430675	9.92	tp	0
1-CCATCTGBTYY	STREME-1	5.2e-013	chr5:141115939-141116389	9.92	tp	0
1-CCATCTGBTYY	STREME-1	5.2e-013	chr5:132161259-132161709	9.92	fp	0
1-CCATCTGBTYY	STREME-1	5.2e-013	chr8:111614600-111615050	9.92	fp	0
1-CCATCTGBTYY	STREME-1	5.2e-013	chr16:50833394-50833844	9.92	tp	1
1-CCATCTGBTYY	STREME-1	5.2e-013	chr4:40849977-40850427	9.91	tp	0
1-CCATCTGBTYY	STREME-1	5.2e-013	chr10:49984994-49985444	9.91	tp	0
1-CCATCTGBTYY	STREME-1	5.2e-013	chr4:47518861-47519311	9.91	tp	0
1-CCATCTGBTYY	STREME-1	5.2e-013	chr12:82457966-82458416	9.89	tp	0
1-CCATCTGBTYY	STREME-1	5.2e-013	chr8:12126581-12127031	9.88	tp	0
1-CCATCTGBTYY	STREME-1	5.2e-013	chr11:18331987-18332437	9.88	fp	1
1-CCATCTGBTYY	STREME-1	5.2e-013	chr4:55072944-55073394	9.88	tp	0
1-CCATCTGBTYY	STREME-1	5.2e-013	chr16:8595374-8595824	9.88	fp	0
1-CCATCTGBTYY	STREME-1	5.2e-013	chr2:135541055-135541505	9.85	tp	0
1-CCATCTGBTYY	STREME-1	5.2e-013	chr5:121239805-121240255	9.85	tp	0
1-CCATCTGBTYY	STREME-1	5.2e-013	chr13:48046208-48046658	9.83	tp	0
1-CCATCTGBTYY	STREME-1	5.2e-013	chr2:104419396-104419846	9.83	tp	0
1-CCATCTGBTYY	STREME-1	5.2e-013	chr5:24657033-24657483	9.83	tp	0
1-CCATCTGBTYY	STREME-1	5.2e-013	chr2:104419396-104419846	9.83	fp	0
1-CCATCTGBTYY	STREME-1	5.2e-013	chr10:58925118-58925568	9.82	tp	0
1-CCATCTGBTYY	STREME-1	5.2e-013	chr10:58925118-58925568	9.82	fp	0
1-CCATCTGBTYY	STREME-1	5.2e-013	chr9:27996502-27996952	9.79	tp	0
1-CCATCTGBTYY	STREME-1	5.2e-013	chr4:153929932-153930382	9.79	tp	0
1-CCATCTGBTYY	STREME-1	5.2e-013	chr6:55543302-55543752	9.77	tp	0
1-CCATCTGBTYY	STREME-1	5.2e-013	chr2:165068766-165069216	9.77	fp	0
1-CCATCTGBTYY	STREME-1	5.2e-013	chr5:115186751-115187201	9.77	tp	0
1-CCATCTGBTYY	STREME-1	5.2e-013	chr7:97339606-97340056	9.76	tp	0
1-CCATCTGBTYY	STREME-1	5.2e-013	chr7:127935438-127935888	9.75	tp	0
1-CCATCTGBTYY	STREME-1	5.2e-013	chr5:66953894-66954344	9.75	tp	0
1-CCATCTGBTYY	STREME-1	5.2e-013	chr10:41315884-41316334	9.75	tp	0
1-CCATCTGBTYY	STREME-1	5.2e-013	chr7:96523655-96524105	9.75	tp	0
1-CCATCTGBTYY	STREME-1	5.2e-013	chr17:3338764-3339214	9.73	tp	0
1-CCATCTGBTYY	STREME-1	5.2e-013	chr5:34197186-34197636	9.70	tp	0
1-CCATCTGBTYY	STREME-1	5.2e-013	chr1:48881342-48881792	9.69	fp	1
1-CCATCTGBTYY	STREME-1	5.2e-013	chr2:118262675-118263125	9.69	tp	0
1-CCATCTGBTYY	STREME-1	5.2e-013	chr7:118428867-118429317	9.69	fp	0
1-CCATCTGBTYY	STREME-1	5.2e-013	chr17:7291937-7292387	9.68	tp	0
1-CCATCTGBTYY	STREME-1	5.2e-013	chr19:7148116-7148566	9.68	tp	0
1-CCATCTGBTYY	STREME-1	5.2e-013	chr15:40280636-40281086	9.67	tp	0
1-CCATCTGBTYY	STREME-1	5.2e-013	chr9:53899783-53900233	9.67	tp	0
1-CCATCTGBTYY	STREME-1	5.2e-013	chr8:120309226-120309676	9.67	tp	0
1-CCATCTGBTYY	STREME-1	5.2e-013	chr1:75728834-75729284	9.67	tp	0
1-CCATCTGBTYY	STREME-1	5.2e-013	chr4:97910659-97911109	9.66	tp	0
1-CCATCTGBTYY	STREME-1	5.2e-013	chr6:112057857-112058307	9.64	tp	0
1-CCATCTGBTYY	STREME-1	5.2e-013	chr16:96438932-96439382	9.63	tp	0
1-CCATCTGBTYY	STREME-1	5.2e-013	chr4:47518861-47519311	9.59	fp	0
1-CCATCTGBTYY	STREME-1	5.2e-013	chr14:32028514-32028964	9.59	tp	0
1-CCATCTGBTYY	STREME-1	5.2e-013	chr15:55652046-55652496	9.57	tp	0
1-CCATCTGBTYY	STREME-1	5.2e-013	chr17:47887405-47887855	9.56	tp	0
1-CCATCTGBTYY	STREME-1	5.2e-013	chr3:49033012-49033462	9.54	tp	0
1-CCATCTGBTYY	STREME-1	5.2e-013	chr18:54121537-54121987	9.54	tp	0
1-CCATCTGBTYY	STREME-1	5.2e-013	chr4:125008684-125009134	9.54	tp	0
1-CCATCTGBTYY	STREME-1	5.2e-013	chr3:37875662-37876112	9.54	tp	0
1-CCATCTGBTYY	STREME-1	5.2e-013	chr2:153071867-153072317	9.54	tp	0
1-CCATCTGBTYY	STREME-1	5.2e-013	chr10:82662385-82662835	9.53	tp	0
1-CCATCTGBTYY	STREME-1	5.2e-013	chr12:100665228-100665678	9.53	tp	0
1-CCATCTGBTYY	STREME-1	5.2e-013	chr2:166632927-166633377	9.52	fp	0
1-CCATCTGBTYY	STREME-1	5.2e-013	chr11:99685166-99685616	9.51	tp	0
1-CCATCTGBTYY	STREME-1	5.2e-013	chr11:99730086-99730536	9.51	tp	0
1-CCATCTGBTYY	STREME-1	5.2e-013	chr3:5754661-5755111	9.51	tp	0
1-CCATCTGBTYY	STREME-1	5.2e-013	chr2:157058632-157059082	9.50	tp	0
1-CCATCTGBTYY	STREME-1	5.2e-013	chr14:39043807-39044257	9.49	tp	0
1-CCATCTGBTYY	STREME-1	5.2e-013	chr13:58558196-58558646	9.45	tp	0
1-CCATCTGBTYY	STREME-1	5.2e-013	chr4:64123651-64124101	9.45	tp	0
1-CCATCTGBTYY	STREME-1	5.2e-013	chr6:40432309-40432759	9.44	tp	0
1-CCATCTGBTYY	STREME-1	5.2e-013	chr10:125121811-125122261	9.44	tp	1
1-CCATCTGBTYY	STREME-1	5.2e-013	chr3:4834449-4834899	9.42	tp	0
1-CCATCTGBTYY	STREME-1	5.2e-013	chr10:127557726-127558176	9.41	tp	0
1-CCATCTGBTYY	STREME-1	5.2e-013	chr5:126525849-126526299	9.39	tp	0
1-CCATCTGBTYY	STREME-1	5.2e-013	chr4:133508918-133509368	9.39	tp	0
1-CCATCTGBTYY	STREME-1	5.2e-013	chr6:47231454-47231904	9.39	fp	0
1-CCATCTGBTYY	STREME-1	5.2e-013	chr4:59383763-59384213	9.39	tp	1
1-CCATCTGBTYY	STREME-1	5.2e-013	chr3:18715697-18716147	9.37	tp	0
1-CCATCTGBTYY	STREME-1	5.2e-013	chr6:93782829-93783279	9.37	tp	0
1-CCATCTGBTYY	STREME-1	5.2e-013	chr10:115776569-115777019	9.34	tp	0
1-CCATCTGBTYY	STREME-1	5.2e-013	chr4:47290975-47291425	9.33	tp	0
1-CCATCTGBTYY	STREME-1	5.2e-013	chr10:120038163-120038613	9.33	tp	0
1-CCATCTGBTYY	STREME-1	5.2e-013	chr14:114959670-114960120	9.28	tp	0
1-CCATCTGBTYY	STREME-1	5.2e-013	chr2:85213739-85214189	9.22	tp	0
1-CCATCTGBTYY	STREME-1	5.2e-013	chr5:35925093-35925543	9.22	tp	0
1-CCATCTGBTYY	STREME-1	5.2e-013	chr2:168678849-168679299	9.22	fp	0
1-CCATCTGBTYY	STREME-1	5.2e-013	chr3:100223405-100223855	9.21	tp	0
1-CCATCTGBTYY	STREME-1	5.2e-013	chr15:60309922-60310372	9.21	tp	0
1-CCATCTGBTYY	STREME-1	5.2e-013	chr1:153308898-153309348	9.21	fp	0
1-CCATCTGBTYY	STREME-1	5.2e-013	chr18:32954949-32955399	9.21	tp	0
1-CCATCTGBTYY	STREME-1	5.2e-013	chr14:54059886-54060336	9.17	tp	0
1-CCATCTGBTYY	STREME-1	5.2e-013	chr12:91986454-91986904	9.17	tp	0
1-CCATCTGBTYY	STREME-1	5.2e-013	chr4:97236055-97236505	9.17	fp	0
1-CCATCTGBTYY	STREME-1	5.2e-013	chr5:64022948-64023398	9.17	tp	1
1-CCATCTGBTYY	STREME-1	5.2e-013	chr18:14261242-14261692	9.17	tp	0
1-CCATCTGBTYY	STREME-1	5.2e-013	chr1:84522917-84523367	9.16	tp	0
1-CCATCTGBTYY	STREME-1	5.2e-013	chr11:108023221-108023671	9.16	tp	0
1-CCATCTGBTYY	STREME-1	5.2e-013	chr10:77811238-77811688	9.16	fp	1
1-CCATCTGBTYY	STREME-1	5.2e-013	chr2:77065282-77065732	9.16	fp	0
1-CCATCTGBTYY	STREME-1	5.2e-013	chr14:20970941-20971391	9.15	tp	0
1-CCATCTGBTYY	STREME-1	5.2e-013	chr15:99139157-99139607	9.15	fp	0
1-CCATCTGBTYY	STREME-1	5.2e-013	chr13:56698272-56698722	9.09	tp	0
1-CCATCTGBTYY	STREME-1	5.2e-013	chr6:104312955-104313405	9.09	tp	0
1-CCATCTGBTYY	STREME-1	5.2e-013	chr2:136803109-136803559	9.09	fp	0
1-CCATCTGBTYY	STREME-1	5.2e-013	chr10:89824200-89824650	9.08	tp	0
1-CCATCTGBTYY	STREME-1	5.2e-013	chr10:89824639-89825089	9.08	tp	0
1-CCATCTGBTYY	STREME-1	5.2e-013	chr10:89825276-89825726	9.08	tp	0
1-CCATCTGBTYY	STREME-1	5.2e-013	chrX:51610742-51611192	9.08	tp	1
1-CCATCTGBTYY	STREME-1	5.2e-013	chr13:13546797-13547247	9.06	fp	0
1-CCATCTGBTYY	STREME-1	5.2e-013	chr7:39200199-39200649	9.06	tp	1
1-CCATCTGBTYY	STREME-1	5.2e-013	chr14:64140097-64140547	9.06	tp	0
1-CCATCTGBTYY	STREME-1	5.2e-013	chr4:62582687-62583137	9.06	tp	0
1-CCATCTGBTYY	STREME-1	5.2e-013	chr1:177573312-177573762	9.06	tp	1
1-CCATCTGBTYY	STREME-1	5.2e-013	chrUn_GL456393:1-451	9.05	fp	0
1-CCATCTGBTYY	STREME-1	5.2e-013	chr2:154459929-154460379	9.05	tp	0
1-CCATCTGBTYY	STREME-1	5.2e-013	chr14:46767106-46767556	9.05	tp	1
1-CCATCTGBTYY	STREME-1	5.2e-013	chr6:47231454-47231904	9.05	tp	1
1-CCATCTGBTYY	STREME-1	5.2e-013	chr2:125031850-125032300	9.03	tp	0
1-CCATCTGBTYY	STREME-1	5.2e-013	chr12:69456652-69457102	9.01	tp	1
1-CCATCTGBTYY	STREME-1	5.2e-013	chr7:134682956-134683406	8.99	tp	0
1-CCATCTGBTYY	STREME-1	5.2e-013	chr4:152572266-152572716	8.97	tp	0
1-CCATCTGBTYY	STREME-1	5.2e-013	chr9:121541492-121541942	8.97	tp	0
1-CCATCTGBTYY	STREME-1	5.2e-013	chr1:189991028-189991478	8.97	tp	0
1-CCATCTGBTYY	STREME-1	5.2e-013	chr14:47366927-47367377	8.97	tp	0
1-CCATCTGBTYY	STREME-1	5.2e-013	chr2:49672370-49672820	8.95	tp	0
1-CCATCTGBTYY	STREME-1	5.2e-013	chr8:52571172-52571622	8.92	fp	0
1-CCATCTGBTYY	STREME-1	5.2e-013	chr2:168677649-168678099	8.91	tp	0
1-CCATCTGBTYY	STREME-1	5.2e-013	chr6:99968909-99969359	8.85	fp	0
1-CCATCTGBTYY	STREME-1	5.2e-013	chr9:107456660-107457110	8.85	tp	0
1-CCATCTGBTYY	STREME-1	5.2e-013	chr9:121403742-121404192	8.84	tp	0
1-CCATCTGBTYY	STREME-1	5.2e-013	chr6:11576027-11576477	8.84	tp	0
1-CCATCTGBTYY	STREME-1	5.2e-013	chr19:42699172-42699622	8.83	tp	0
1-CCATCTGBTYY	STREME-1	5.2e-013	chr19:42699172-42699622	8.83	fp	0
1-CCATCTGBTYY	STREME-1	5.2e-013	chr6:42231202-42231652	8.83	tp	0
1-CCATCTGBTYY	STREME-1	5.2e-013	chr10:77781907-77782357	8.83	fp	0
1-CCATCTGBTYY	STREME-1	5.2e-013	chr11:84053491-84053941	8.83	tp	0
1-CCATCTGBTYY	STREME-1	5.2e-013	chr6:32224278-32224728	8.83	tp	0
1-CCATCTGBTYY	STREME-1	5.2e-013	chr8:84787522-84787972	8.83	fp	0
1-CCATCTGBTYY	STREME-1	5.2e-013	chr13:93721912-93722362	8.82	tp	0
1-CCATCTGBTYY	STREME-1	5.2e-013	chr1:62215838-62216288	8.81	tp	0
1-CCATCTGBTYY	STREME-1	5.2e-013	chr15:24906941-24907391	8.79	tp	0
1-CCATCTGBTYY	STREME-1	5.2e-013	chr3:89539984-89540434	8.79	tp	0
1-CCATCTGBTYY	STREME-1	5.2e-013	chr10:89824200-89824650	8.79	fp	0
1-CCATCTGBTYY	STREME-1	5.2e-013	chr12:26781517-26781967	8.79	tp	1
1-CCATCTGBTYY	STREME-1	5.2e-013	chrX:4539808-4540258	8.77	tp	0
1-CCATCTGBTYY	STREME-1	5.2e-013	chr5:15644265-15644715	8.75	fp	0
1-CCATCTGBTYY	STREME-1	5.2e-013	chr4:45543419-45543869	8.75	tp	0
1-CCATCTGBTYY	STREME-1	5.2e-013	chr2:166653411-166653861	8.75	tp	0
1-CCATCTGBTYY	STREME-1	5.2e-013	chr7:75880553-75881003	8.73	tp	0
1-CCATCTGBTYY	STREME-1	5.2e-013	chr5:132161259-132161709	8.73	tp	0
1-CCATCTGBTYY	STREME-1	5.2e-013	chr1:190872209-190872659	8.73	tp	0
1-CCATCTGBTYY	STREME-1	5.2e-013	chr9:105349121-105349571	8.73	tp	0
1-CCATCTGBTYY	STREME-1	5.2e-013	chr9:13173350-13173800	8.73	tp	0
1-CCATCTGBTYY	STREME-1	5.2e-013	chr9:13173350-13173800	8.73	fp	0
1-CCATCTGBTYY	STREME-1	5.2e-013	chr16:3974428-3974878	8.71	tp	0
1-CCATCTGBTYY	STREME-1	5.2e-013	chr7:46718511-46718961	8.69	tp	0
1-CCATCTGBTYY	STREME-1	5.2e-013	chr7:55744465-55744915	8.69	tp	0
1-CCATCTGBTYY	STREME-1	5.2e-013	chr13:93510865-93511315	8.69	tp	0
1-CCATCTGBTYY	STREME-1	5.2e-013	chr10:20380794-20381244	8.69	fp	0
1-CCATCTGBTYY	STREME-1	5.2e-013	chr8:115428900-115429350	8.69	tp	0
1-CCATCTGBTYY	STREME-1	5.2e-013	chr3:120570767-120571217	8.68	tp	0
1-CCATCTGBTYY	STREME-1	5.2e-013	chr17:8205124-8205574	8.68	tp	0
1-CCATCTGBTYY	STREME-1	5.2e-013	chr11:18331987-18332437	8.64	tp	0
1-CCATCTGBTYY	STREME-1	5.2e-013	chr11:18331568-18332018	8.64	tp	0
1-CCATCTGBTYY	STREME-1	5.2e-013	chr5:45196148-45196598	8.64	fp	0
1-CCATCTGBTYY	STREME-1	5.2e-013	chr12:26112444-26112894	8.64	tp	0
1-CCATCTGBTYY	STREME-1	5.2e-013	chr10:58936443-58936893	8.64	tp	0
1-CCATCTGBTYY	STREME-1	5.2e-013	chr8:25969520-25969970	8.64	tp	0
1-CCATCTGBTYY	STREME-1	5.2e-013	chr11:114650633-114651083	8.64	tp	0
1-CCATCTGBTYY	STREME-1	5.2e-013	chr10:19471655-19472105	8.64	tp	0
1-CCATCTGBTYY	STREME-1	5.2e-013	chr8:23036742-23037192	8.62	tp	0
1-CCATCTGBTYY	STREME-1	5.2e-013	chr4:133510999-133511449	8.61	tp	0
1-CCATCTGBTYY	STREME-1	5.2e-013	chr15:66115097-66115547	8.61	tp	0
1-CCATCTGBTYY	STREME-1	5.2e-013	chr1:43210270-43210720	8.61	tp	0
1-CCATCTGBTYY	STREME-1	5.2e-013	chr5:111907980-111908430	8.61	tp	0
1-CCATCTGBTYY	STREME-1	5.2e-013	chr10:60085774-60086224	8.60	tp	0
1-CCATCTGBTYY	STREME-1	5.2e-013	chr6:89672652-89673102	8.57	fp	0
1-CCATCTGBTYY	STREME-1	5.2e-013	chr14:47915491-47915941	8.57	fp	1
1-CCATCTGBTYY	STREME-1	5.2e-013	chr5:124334410-124334860	8.56	tp	0
1-CCATCTGBTYY	STREME-1	5.2e-013	chr1:132650698-132651148	8.56	fp	0
1-CCATCTGBTYY	STREME-1	5.2e-013	chr10:27103946-27104396	8.56	tp	1
1-CCATCTGBTYY	STREME-1	5.2e-013	chr5:125243893-125244343	8.55	tp	0
1-CCATCTGBTYY	STREME-1	5.2e-013	chr13:93453226-93453676	8.55	tp	0
1-CCATCTGBTYY	STREME-1	5.2e-013	chr5:107497531-107497981	8.55	fp	0
1-CCATCTGBTYY	STREME-1	5.2e-013	chr16:42255546-42255996	8.52	tp	0
1-CCATCTGBTYY	STREME-1	5.2e-013	chrY:7022826-7023276	8.49	tp	0
1-CCATCTGBTYY	STREME-1	5.2e-013	chr1:133820049-133820499	8.49	tp	0
1-CCATCTGBTYY	STREME-1	5.2e-013	chrUn_GL456396:14194-14644	8.49	fp	0
1-CCATCTGBTYY	STREME-1	5.2e-013	chr1:132650698-132651148	8.46	tp	1
1-CCATCTGBTYY	STREME-1	5.2e-013	chr5:144704063-144704513	8.44	tp	0
1-CCATCTGBTYY	STREME-1	5.2e-013	chr9:43699848-43700298	8.44	tp	0
1-CCATCTGBTYY	STREME-1	5.2e-013	chr16:96885798-96886248	8.44	tp	0
1-CCATCTGBTYY	STREME-1	5.2e-013	chr15:34685401-34685851	8.44	tp	0
1-CCATCTGBTYY	STREME-1	5.2e-013	chr11:42650092-42650542	8.42	tp	0
1-CCATCTGBTYY	STREME-1	5.2e-013	chr4:70805060-70805510	8.41	tp	0
1-CCATCTGBTYY	STREME-1	5.2e-013	chr11:24631597-24632047	8.41	tp	0
1-CCATCTGBTYY	STREME-1	5.2e-013	chr1:136385978-136386428	8.41	tp	0
1-CCATCTGBTYY	STREME-1	5.2e-013	chr1:131770606-131771056	8.41	tp	0
1-CCATCTGBTYY	STREME-1	5.2e-013	chr4:133508918-133509368	8.41	fp	0
1-CCATCTGBTYY	STREME-1	5.2e-013	chr2:179391858-179392308	8.41	fp	0
1-CCATCTGBTYY	STREME-1	5.2e-013	chr8:110319643-110320093	8.40	tp	0
1-CCATCTGBTYY	STREME-1	5.2e-013	chr4:3090836-3091286	8.37	fp	0
1-CCATCTGBTYY	STREME-1	5.2e-013	chr11:117057445-117057895	8.34	tp	0
1-CCATCTGBTYY	STREME-1	5.2e-013	chr10:74933515-74933965	8.34	tp	0
1-CCATCTGBTYY	STREME-1	5.2e-013	chr11:65905472-65905922	8.34	fp	0
1-CCATCTGBTYY	STREME-1	5.2e-013	chr10:118640227-118640677	8.32	tp	0
1-CCATCTGBTYY	STREME-1	5.2e-013	chr6:50890347-50890797	8.32	fp	0
1-CCATCTGBTYY	STREME-1	5.2e-013	chr10:63004508-63004958	8.30	tp	0
1-CCATCTGBTYY	STREME-1	5.2e-013	chr14:28387176-28387626	8.29	tp	0
1-CCATCTGBTYY	STREME-1	5.2e-013	chr3:127397820-127398270	8.29	fp	0
1-CCATCTGBTYY	STREME-1	5.2e-013	chr1:176933332-176933782	8.26	fp	0
1-CCATCTGBTYY	STREME-1	5.2e-013	chr2:129998460-129998910	8.26	fp	0
1-CCATCTGBTYY	STREME-1	5.2e-013	chr18:82284129-82284579	8.26	tp	0
1-CCATCTGBTYY	STREME-1	5.2e-013	chr12:27417595-27418045	8.26	tp	1
1-CCATCTGBTYY	STREME-1	5.2e-013	chr12:51900512-51900962	8.25	tp	0
1-CCATCTGBTYY	STREME-1	5.2e-013	chr2:132157488-132157938	8.25	tp	0
1-CCATCTGBTYY	STREME-1	5.2e-013	chr14:17900361-17900811	8.25	fp	0
1-CCATCTGBTYY	STREME-1	5.2e-013	chr5:30728736-30729186	8.24	tp	0
1-CCATCTGBTYY	STREME-1	5.2e-013	chr14:117981425-117981875	8.24	tp	0
1-CCATCTGBTYY	STREME-1	5.2e-013	chr4:125945948-125946398	8.24	tp	0
1-CCATCTGBTYY	STREME-1	5.2e-013	chr5:30728736-30729186	8.24	fp	0
1-CCATCTGBTYY	STREME-1	5.2e-013	chr12:12567307-12567757	8.23	tp	0
1-CCATCTGBTYY	STREME-1	5.2e-013	chr8:122709423-122709873	8.22	tp	0
1-CCATCTGBTYY	STREME-1	5.2e-013	chr4:141964581-141965031	8.22	fp	0
1-CCATCTGBTYY	STREME-1	5.2e-013	chr5:125243893-125244343	8.22	fp	0
1-CCATCTGBTYY	STREME-1	5.2e-013	chr1:170655577-170656027	8.22	tp	1
1-CCATCTGBTYY	STREME-1	5.2e-013	chr19:47211598-47212048	8.20	tp	1
1-CCATCTGBTYY	STREME-1	5.2e-013	chr11:28692770-28693220	8.17	tp	0
1-CCATCTGBTYY	STREME-1	5.2e-013	chr7:46718511-46718961	8.17	fp	1
1-CCATCTGBTYY	STREME-1	5.2e-013	chr16:4559577-4560027	8.16	tp	0
1-CCATCTGBTYY	STREME-1	5.2e-013	chr13:10527268-10527718	8.11	tp	0
1-CCATCTGBTYY	STREME-1	5.2e-013	chr4:103576354-103576804	8.08	tp	0
1-CCATCTGBTYY	STREME-1	5.2e-013	chr7:132284714-132285164	8.08	tp	0
1-CCATCTGBTYY	STREME-1	5.2e-013	chr12:13769121-13769571	8.07	tp	0
1-CCATCTGBTYY	STREME-1	5.2e-013	chr8:111614600-111615050	8.07	tp	0
1-CCATCTGBTYY	STREME-1	5.2e-013	chr11:101485353-101485803	8.07	tp	0
1-CCATCTGBTYY	STREME-1	5.2e-013	chr8:114591228-114591678	8.07	fp	0
1-CCATCTGBTYY	STREME-1	5.2e-013	chr9:58035558-58036008	8.04	tp	0
1-CCATCTGBTYY	STREME-1	5.2e-013	chr5:99787105-99787555	8.00	tp	0
1-CCATCTGBTYY	STREME-1	5.2e-013	chr5:38388424-38388874	8.00	tp	0
1-CCATCTGBTYY	STREME-1	5.2e-013	chr3:40282912-40283362	7.99	tp	0
1-CCATCTGBTYY	STREME-1	5.2e-013	chr16:25960302-25960752	7.99	tp	0
1-CCATCTGBTYY	STREME-1	5.2e-013	chr11:35991877-35992327	7.99	tp	0
1-CCATCTGBTYY	STREME-1	5.2e-013	chr5:68071869-68072319	7.99	tp	0
1-CCATCTGBTYY	STREME-1	5.2e-013	chr2:139311250-139311700	7.99	tp	0
1-CCATCTGBTYY	STREME-1	5.2e-013	chr1:136385978-136386428	7.99	fp	0
1-CCATCTGBTYY	STREME-1	5.2e-013	chr10:71667054-71667504	7.99	tp	1
1-CCATCTGBTYY	STREME-1	5.2e-013	chr2:168678849-168679299	7.98	tp	0
1-CCATCTGBTYY	STREME-1	5.2e-013	chr13:111904843-111905293	7.96	tp	0
1-CCATCTGBTYY	STREME-1	5.2e-013	chr17:8205124-8205574	7.94	fp	0
1-CCATCTGBTYY	STREME-1	5.2e-013	chr5:137086833-137087283	7.91	fp	0
1-CCATCTGBTYY	STREME-1	5.2e-013	chr17:3253782-3254232	7.90	tp	0
1-CCATCTGBTYY	STREME-1	5.2e-013	chr10:82666487-82666937	7.87	tp	0
1-CCATCTGBTYY	STREME-1	5.2e-013	chr7:101101027-101101477	7.85	tp	0
#
2-GGAAAATGAGAA	STREME-2	2.5e-001	chrUn_GL456393:10169-10619	22.20	tp	0
2-GGAAAATGAGAA	STREME-2	2.5e-001	chrUn_GL456383:11083-11533	22.20	tp	0
2-GGAAAATGAGAA	STREME-2	2.5e-001	chr4:3090836-3091286	22.20	tp	0
2-GGAAAATGAGAA	STREME-2	2.5e-001	chrUn_GL456392:23153-23603	22.20	tp	0
2-GGAAAATGAGAA	STREME-2	2.5e-001	chrUn_GL456396:9693-10143	22.20	tp	0
2-GGAAAATGAGAA	STREME-2	2.5e-001	chrUn_GL456393:7302-7752	22.20	tp	0
2-GGAAAATGAGAA	STREME-2	2.5e-001	chrUn_GL456383:24576-25026	22.20	tp	0
2-GGAAAATGAGAA	STREME-2	2.5e-001	chrUn_GL456392:8355-8805	22.20	tp	0
2-GGAAAATGAGAA	STREME-2	2.5e-001	chrUn_GL456383:32372-32822	22.20	tp	0
2-GGAAAATGAGAA	STREME-2	2.5e-001	chrY:4151082-4151532	22.20	tp	0
2-GGAAAATGAGAA	STREME-2	2.5e-001	chrUn_GL456390:4196-4646	22.20	tp	0
2-GGAAAATGAGAA	STREME-2	2.5e-001	chrUn_GL456389:2921-3371	22.20	tp	0
2-GGAAAATGAGAA	STREME-2	2.5e-001	chrUn_GL456383:34770-35220	22.20	tp	0
2-GGAAAATGAGAA	STREME-2	2.5e-001	chrUn_GL456383:35107-35557	22.20	tp	0
2-GGAAAATGAGAA	STREME-2	2.5e-001	chrUn_GL456390:9941-10391	22.20	tp	0
2-GGAAAATGAGAA	STREME-2	2.5e-001	chrUn_GL456390:23898-24348	22.20	tp	0
2-GGAAAATGAGAA	STREME-2	2.5e-001	chrUn_GL456393:1-451	22.20	tp	0
2-GGAAAATGAGAA	STREME-2	2.5e-001	chrUn_GL456392:14487-14937	22.20	tp	1
2-GGAAAATGAGAA	STREME-2	2.5e-001	chr4_GL456216_random:49075-49525	19.89	tp	0
2-GGAAAATGAGAA	STREME-2	2.5e-001	chr12:67059404-67059854	19.82	tp	0
2-GGAAAATGAGAA	STREME-2	2.5e-001	chrUn_GL456396:10432-10882	19.82	tp	0
2-GGAAAATGAGAA	STREME-2	2.5e-001	chrUn_GL456390:15226-15676	19.82	tp	0
2-GGAAAATGAGAA	STREME-2	2.5e-001	chrUn_GL456390:14089-14539	19.82	tp	0
2-GGAAAATGAGAA	STREME-2	2.5e-001	chrUn_GL456390:14596-15046	19.26	tp	0
2-GGAAAATGAGAA	STREME-2	2.5e-001	chrUn_GL456383:30830-31280	19.26	tp	0
2-GGAAAATGAGAA	STREME-2	2.5e-001	chrUn_GL456390:21295-21745	19.26	tp	0
2-GGAAAATGAGAA	STREME-2	2.5e-001	chr11:3101333-3101783	19.26	tp	0
2-GGAAAATGAGAA	STREME-2	2.5e-001	chr11:3102691-3103141	19.26	tp	0
2-GGAAAATGAGAA	STREME-2	2.5e-001	chr11:3102028-3102478	19.07	tp	0
2-GGAAAATGAGAA	STREME-2	2.5e-001	chr4:70805060-70805510	18.75	tp	0
2-GGAAAATGAGAA	STREME-2	2.5e-001	chr4:64497664-64498114	18.60	tp	0
2-GGAAAATGAGAA	STREME-2	2.5e-001	chr15:21114751-21115201	17.84	tp	0
2-GGAAAATGAGAA	STREME-2	2.5e-001	chrUn_GL456383:38112-38562	17.84	tp	1
2-GGAAAATGAGAA	STREME-2	2.5e-001	chrUn_GL456393:423-873	17.39	tp	0
2-GGAAAATGAGAA	STREME-2	2.5e-001	chr12:67059078-67059528	16.86	tp	0
2-GGAAAATGAGAA	STREME-2	2.5e-001	chr7:39197616-39198066	16.71	tp	0
2-GGAAAATGAGAA	STREME-2	2.5e-001	chrUn_GL456392:10122-10572	16.59	tp	0
2-GGAAAATGAGAA	STREME-2	2.5e-001	chrUn_GL456383:34225-34675	16.32	tp	0
2-GGAAAATGAGAA	STREME-2	2.5e-001	chr14:54059886-54060336	15.56	tp	0
2-GGAAAATGAGAA	STREME-2	2.5e-001	chrY:4158579-4159029	15.27	tp	0
2-GGAAAATGAGAA	STREME-2	2.5e-001	chr4:3090435-3090885	15.10	tp	0
2-GGAAAATGAGAA	STREME-2	2.5e-001	chrY:7025987-7026437	14.70	tp	0
2-GGAAAATGAGAA	STREME-2	2.5e-001	chrUn_GL456396:14194-14644	13.65	tp	0
#
3-CACTGTAGGACCT	STREME-3	2.5e-001	chrUn_GL456393:10169-10619	23.61	tp	0
3-CACTGTAGGACCT	STREME-3	2.5e-001	chr12:67059404-67059854	23.61	tp	0
3-CACTGTAGGACCT	STREME-3	2.5e-001	chrUn_GL456396:9693-10143	23.61	tp	0
3-CACTGTAGGACCT	STREME-3	2.5e-001	chrUn_GL456390:5478-5928	23.61	tp	0
3-CACTGTAGGACCT	STREME-3	2.5e-001	chr12:67059078-67059528	23.61	tp	0
3-CACTGTAGGACCT	STREME-3	2.5e-001	chrUn_GL456383:28479-28929	23.61	tp	0
3-CACTGTAGGACCT	STREME-3	2.5e-001	chr3:56575404-56575854	23.61	tp	0
3-CACTGTAGGACCT	STREME-3	2.5e-001	chrUn_GL456396:14194-14644	23.61	tp	0
3-CACTGTAGGACCT	STREME-3	2.5e-001	chrUn_GL456389:2921-3371	23.61	tp	0
3-CACTGTAGGACCT	STREME-3	2.5e-001	chrUn_GL456396:8611-9061	23.61	tp	0
3-CACTGTAGGACCT	STREME-3	2.5e-001	chrUn_GL456383:38112-38562	23.61	tp	1
3-CACTGTAGGACCT	STREME-3	2.5e-001	chrUn_GL456393:423-873	22.30	tp	0
3-CACTGTAGGACCT	STREME-3	2.5e-001	chrUn_GL456390:21295-21745	21.47	tp	0
3-CACTGTAGGACCT	STREME-3	2.5e-001	chrUn_GL456390:9941-10391	21.47	tp	0
3-CACTGTAGGACCT	STREME-3	2.5e-001	chr4:3090435-3090885	21.47	tp	0
3-CACTGTAGGACCT	STREME-3	2.5e-001	chrUn_GL456383:11083-11533	21.27	tp	0
3-CACTGTAGGACCT	STREME-3	2.5e-001	chrUn_GL456383:34770-35220	21.27	tp	0
3-CACTGTAGGACCT	STREME-3	2.5e-001	chr11:3100267-3100717	21.20	tp	0
3-CACTGTAGGACCT	STREME-3	2.5e-001	chr11:3101333-3101783	21.20	tp	0
3-CACTGTAGGACCT	STREME-3	2.5e-001	chrUn_GL456396:6112-6562	20.67	tp	1
3-CACTGTAGGACCT	STREME-3	2.5e-001	chrUn_GL456396:10432-10882	20.25	tp	0
3-CACTGTAGGACCT	STREME-3	2.5e-001	chrUn_GL456390:15226-15676	20.25	tp	0
3-CACTGTAGGACCT	STREME-3	2.5e-001	chrUn_GL456390:23898-24348	20.15	tp	0
3-CACTGTAGGACCT	STREME-3	2.5e-001	chrUn_GL456390:14089-14539	19.03	tp	0
3-CACTGTAGGACCT	STREME-3	2.5e-001	chrUn_GL456383:35107-35557	18.65	tp	0
3-CACTGTAGGACCT	STREME-3	2.5e-001	chrUn_GL456383:24576-25026	18.24	tp	0
3-CACTGTAGGACCT	STREME-3	2.5e-001	chr4:3090836-3091286	17.95	tp	0
3-CACTGTAGGACCT	STREME-3	2.5e-001	chr4_GL456216_random:49075-49525	17.90	tp	0
3-CACTGTAGGACCT	STREME-3	2.5e-001	chrUn_GL456393:7302-7752	17.79	tp	0
3-CACTGTAGGACCT	STREME-3	2.5e-001	chrUn_GL456390:14596-15046	17.72	tp	0
3-CACTGTAGGACCT	STREME-3	2.5e-001	chrY:6807976-6808426	17.68	tp	0
3-CACTGTAGGACCT	STREME-3	2.5e-001	chr4:64497664-64498114	17.45	tp	0
3-CACTGTAGGACCT	STREME-3	2.5e-001	chrX:76598654-76599104	17.45	tp	0
3-CACTGTAGGACCT	STREME-3	2.5e-001	chr7:26779790-26780240	17.45	tp	0
3-CACTGTAGGACCT	STREME-3	2.5e-001	chr11:3102691-3103141	17.05	tp	0
3-CACTGTAGGACCT	STREME-3	2.5e-001	chrUn_GL456383:32372-32822	14.54	tp	0
3-CACTGTAGGACCT	STREME-3	2.5e-001	chrUn_GL456392:10122-10572	14.39	tp	0
3-CACTGTAGGACCT	STREME-3	2.5e-001	chr18:65855481-65855931	14.26	tp	0
3-CACTGTAGGACCT	STREME-3	2.5e-001	chr4:62582687-62583137	13.08	tp	0
#
4-CTYGCCATA	STREME-4	8.2e-001	chr4_GL456216_random:49075-49525	18.00	tp	0
4-CTYGCCATA	STREME-4	8.2e-001	chr12:67059404-67059854	18.00	tp	0
4-CTYGCCATA	STREME-4	8.2e-001	chrUn_GL456393:423-873	18.00	tp	0
4-CTYGCCATA	STREME-4	8.2e-001	chr11:3100267-3100717	18.00	tp	0
4-CTYGCCATA	STREME-4	8.2e-001	chrUn_GL456383:24576-25026	18.00	tp	0
4-CTYGCCATA	STREME-4	8.2e-001	chrUn_GL456390:5478-5928	18.00	tp	0
4-CTYGCCATA	STREME-4	8.2e-001	chr12:67059078-67059528	18.00	tp	0
4-CTYGCCATA	STREME-4	8.2e-001	chr11:3102028-3102478	18.00	tp	0
4-CTYGCCATA	STREME-4	8.2e-001	chrUn_GL456390:15226-15676	18.00	tp	0
4-CTYGCCATA	STREME-4	8.2e-001	chrUn_GL456396:14194-14644	18.00	tp	0
4-CTYGCCATA	STREME-4	8.2e-001	chrUn_GL456396:8611-9061	18.00	tp	0
4-CTYGCCATA	STREME-4	8.2e-001	chr11:3102691-3103141	18.00	tp	0
4-CTYGCCATA	STREME-4	8.2e-001	chrUn_GL456383:34225-34675	16.32	tp	0
4-CTYGCCATA	STREME-4	8.2e-001	chrUn_GL456390:14596-15046	16.04	tp	0
4-CTYGCCATA	STREME-4	8.2e-001	chrUn_GL456392:10122-10572	16.04	tp	0
4-CTYGCCATA	STREME-4	8.2e-001	chrUn_GL456383:30830-31280	16.04	tp	0
4-CTYGCCATA	STREME-4	8.2e-001	chrUn_GL456392:23153-23603	16.04	tp	0
4-CTYGCCATA	STREME-4	8.2e-001	chrUn_GL456390:14089-14539	16.04	tp	0
4-CTYGCCATA	STREME-4	8.2e-001	chrUn_GL456383:28479-28929	16.04	tp	0
4-CTYGCCATA	STREME-4	8.2e-001	chrUn_GL456383:32372-32822	16.04	tp	0
4-CTYGCCATA	STREME-4	8.2e-001	chrUn_GL456390:4196-4646	16.04	tp	0
4-CTYGCCATA	STREME-4	8.2e-001	chr5:35918442-35918892	16.04	tp	0
4-CTYGCCATA	STREME-4	8.2e-001	chr1:169060550-169061000	16.04	tp	0
4-CTYGCCATA	STREME-4	8.2e-001	chrUn_GL456383:35107-35557	16.04	tp	0
4-CTYGCCATA	STREME-4	8.2e-001	chr4:80047915-80048365	16.04	tp	0
4-CTYGCCATA	STREME-4	8.2e-001	chr4:3090435-3090885	16.04	tp	0
4-CTYGCCATA	STREME-4	8.2e-001	chr1:51671390-51671840	15.62	tp	0
4-CTYGCCATA	STREME-4	8.2e-001	chr3:137728618-137729068	14.36	tp	0
4-CTYGCCATA	STREME-4	8.2e-001	chr5:35918442-35918892	14.36	fp	0
4-CTYGCCATA	STREME-4	8.2e-001	chrUn_GL456390:21295-21745	13.89	tp	0
4-CTYGCCATA	STREME-4	8.2e-001	chrUn_GL456396:10432-10882	13.89	tp	0
4-CTYGCCATA	STREME-4	8.2e-001	chr11:3102691-3103141	13.89	fp	0
4-CTYGCCATA	STREME-4	8.2e-001	chr13:117048506-117048956	13.66	fp	0
4-CTYGCCATA	STREME-4	8.2e-001	chr4:47290975-47291425	13.14	tp	0
4-CTYGCCATA	STREME-4	8.2e-001	chrY:7025987-7026437	13.14	tp	0
4-CTYGCCATA	STREME-4	8.2e-001	chrUn_GL456392:14487-14937	13.14	tp	1
4-CTYGCCATA	STREME-4	8.2e-001	chr4:3090836-3091286	13.03	tp	0
4-CTYGCCATA	STREME-4	8.2e-001	chrUn_GL456390:23898-24348	12.73	tp	0
4-CTYGCCATA	STREME-4	8.2e-001	chrUn_GL456396:6112-6562	12.73	tp	1
4-CTYGCCATA	STREME-4	8.2e-001	chrUn_GL456383:34770-35220	12.51	tp	0
4-CTYGCCATA	STREME-4	8.2e-001	chr1:89237633-89238083	11.81	tp	0
4-CTYGCCATA	STREME-4	8.2e-001	chr4:105001764-105002214	11.81	tp	0
4-CTYGCCATA	STREME-4	8.2e-001	chr1:106201909-106202359	11.81	fp	1
4-CTYGCCATA	STREME-4	8.2e-001	chrUn_GL456389:2921-3371	11.70	tp	0
4-CTYGCCATA	STREME-4	8.2e-001	chr15:57949212-57949662	11.35	tp	0
4-CTYGCCATA	STREME-4	8.2e-001	chr16:85887652-85888102	11.10	fp	1
4-CTYGCCATA	STREME-4	8.2e-001	chr6:11576027-11576477	11.07	tp	0
4-CTYGCCATA	STREME-4	8.2e-001	chr2:154583886-154584336	11.07	tp	0
4-CTYGCCATA	STREME-4	8.2e-001	chr4:69538150-69538600	11.07	tp	0
4-CTYGCCATA	STREME-4	8.2e-001	chr7:102369662-102370112	11.07	tp	0
4-CTYGCCATA	STREME-4	8.2e-001	chr11:19899619-19900069	10.96	tp	0
4-CTYGCCATA	STREME-4	8.2e-001	chr2:95136591-95137041	10.96	tp	0
4-CTYGCCATA	STREME-4	8.2e-001	chr4:134430483-134430933	10.81	tp	0
4-CTYGCCATA	STREME-4	8.2e-001	chr5:34197186-34197636	10.77	tp	0
4-CTYGCCATA	STREME-4	8.2e-001	chr11:35991877-35992327	10.65	tp	0
4-CTYGCCATA	STREME-4	8.2e-001	chr3:53416049-53416499	10.63	fp	1
4-CTYGCCATA	STREME-4	8.2e-001	chr13:34136514-34136964	10.54	tp	0
4-CTYGCCATA	STREME-4	8.2e-001	chr1:183299020-183299470	10.54	tp	0
4-CTYGCCATA	STREME-4	8.2e-001	chrUn_GL456393:1-451	10.54	tp	0
4-CTYGCCATA	STREME-4	8.2e-001	chr4:56088719-56089169	10.54	fp	0
4-CTYGCCATA	STREME-4	8.2e-001	chr8:89514212-89514662	10.42	tp	0
4-CTYGCCATA	STREME-4	8.2e-001	chr3:56575404-56575854	10.34	tp	0
4-CTYGCCATA	STREME-4	8.2e-001	chr3:126725588-126726038	10.13	tp	0
4-CTYGCCATA	STREME-4	8.2e-001	chr16:63116381-63116831	10.13	tp	0
