motif_ID	motif_ALT_ID	seq_ID	site_Start	site_End	site_Strand	site_Score	site_Sequence
1-CCATCTGBTYY	STREME-1	chr13	13547031	13547041	-	15.26	CCATCTGGTCG
1-CCATCTGBTYY	STREME-1	chr18	29516377	29516387	+	15.26	CCATCTGGTCG
1-CCATCTGBTYY	STREME-1	chr5	35137747	35137757	+	14.88	CCATCTGCTCG
1-CCATCTGBTYY	STREME-1	chr9	76331306	76331316	-	14.15	CCATCTGGTAC
1-CCATCTGBTYY	STREME-1	chrX	11800843	11800853	-	14.15	CCATCTGGTAC
1-CCATCTGBTYY	STREME-1	chr9	98131103	98131113	+	14.14	CCATCTGCTAC
1-CCATCTGBTYY	STREME-1	chr3	137110630	137110640	+	14.14	CCATCTGCTAC
1-CCATCTGBTYY	STREME-1	chr3	51289247	51289257	+	14.14	CCATCTGCTAC
1-CCATCTGBTYY	STREME-1	chr12	17558115	17558125	-	13.99	CCATCTGGTCC
1-CCATCTGBTYY	STREME-1	chr8	84835268	84835278	+	13.91	CCATCTGTCGC
1-CCATCTGBTYY	STREME-1	chr9	50452012	50452022	-	13.87	CCATCTGCCGC
1-CCATCTGBTYY	STREME-1	chr7	109039615	109039625	-	13.87	CCATCTGCCGC
1-CCATCTGBTYY	STREME-1	chr9	95168661	95168671	+	13.60	CCATCTGCTCC
1-CCATCTGBTYY	STREME-1	chr7	30451150	30451160	-	13.60	CCATCTGCTCC
1-CCATCTGBTYY	STREME-1	chr7	30451192	30451202	-	13.60	CCATCTGCTCC
1-CCATCTGBTYY	STREME-1	chr7	30451232	30451242	-	13.60	CCATCTGCTCC
1-CCATCTGBTYY	STREME-1	chr17	31766911	31766921	+	13.60	CCATCTGCTCC
1-CCATCTGBTYY	STREME-1	chr17	90086999	90087009	+	13.60	CCATCTGCTCC
1-CCATCTGBTYY	STREME-1	chr11	82521579	82521589	-	13.60	CCATCTGCTCC
1-CCATCTGBTYY	STREME-1	chr11	118973060	118973070	-	13.60	CCATCTGCTCC
1-CCATCTGBTYY	STREME-1	chr13	16646301	16646311	-	13.60	CCATCTGCTCC
1-CCATCTGBTYY	STREME-1	chr7	30450946	30450956	-	13.60	CCATCTGCTCC
1-CCATCTGBTYY	STREME-1	chr7	30450988	30450998	-	13.60	CCATCTGCTCC
1-CCATCTGBTYY	STREME-1	chr4	80048163	80048173	+	13.60	CCATCTGCTCC
1-CCATCTGBTYY	STREME-1	chr4	20460527	20460537	-	13.60	CCATCTGCTCC
1-CCATCTGBTYY	STREME-1	chr3	53416279	53416289	+	13.38	CCATCTGTTCC
1-CCATCTGBTYY	STREME-1	chr8	68830305	68830315	+	13.38	CCATCTGTTCC
1-CCATCTGBTYY	STREME-1	chr2	35477513	35477523	-	13.38	CCATCTGTTCC
1-CCATCTGBTYY	STREME-1	chr5	140098926	140098936	-	13.36	CCATCTGCGCC
1-CCATCTGBTYY	STREME-1	chr18	65855721	65855731	-	13.32	CCATCTGCCGT
1-CCATCTGBTYY	STREME-1	chr16	94313660	94313670	+	13.29	CCATCTGCCCC
1-CCATCTGBTYY	STREME-1	chr8	27000308	27000318	-	13.16	CCATCTGCTAT
1-CCATCTGBTYY	STREME-1	chr5	112092086	112092096	-	13.16	CCATCTGCTAT
1-CCATCTGBTYY	STREME-1	chr7	117186054	117186064	+	13.14	CCATCTGGTTC
1-CCATCTGBTYY	STREME-1	chr12	112440202	112440212	-	13.14	CCATCTGGTTC
1-CCATCTGBTYY	STREME-1	chr5	129412373	129412383	+	13.07	CCATCTGGTTA
1-CCATCTGBTYY	STREME-1	chr16	63091585	63091595	-	13.07	CCATCTGGTTA
1-CCATCTGBTYY	STREME-1	chr5	137087044	137087054	+	13.06	CCATCTGTCCG
1-CCATCTGBTYY	STREME-1	chr5	137087069	137087079	+	13.06	CCATCTGTCCG
1-CCATCTGBTYY	STREME-1	chr13	52844311	52844321	-	13.06	CCATCTGTCCG
1-CCATCTGBTYY	STREME-1	chr8	127108076	127108086	-	12.96	CCATCTGCTTC
1-CCATCTGBTYY	STREME-1	chr4	46889279	46889289	+	12.96	CCATCTGCTTC
1-CCATCTGBTYY	STREME-1	chr17	3251380	3251390	-	12.96	CCATCTGCTTC
1-CCATCTGBTYY	STREME-1	chr16	29198448	29198458	-	12.96	CCATCTGCTTC
1-CCATCTGBTYY	STREME-1	chr9	94279041	94279051	-	12.96	CCATCTGCTTC
1-CCATCTGBTYY	STREME-1	chr2	4436420	4436430	+	12.96	CCATCTGCTTC
1-CCATCTGBTYY	STREME-1	chr9	115943235	115943245	+	12.96	CCATCTGCTTC
1-CCATCTGBTYY	STREME-1	chr19	27598494	27598504	-	12.96	CCATCTGCTTC
1-CCATCTGBTYY	STREME-1	chr7	119047525	119047535	+	12.96	CCATCTGCTTC
1-CCATCTGBTYY	STREME-1	chr19	55985777	55985787	-	12.96	CCATCTGCTTC
1-CCATCTGBTYY	STREME-1	chr16	25039985	25039995	-	12.96	CCATCTGCTTC
1-CCATCTGBTYY	STREME-1	chr7	96474978	96474988	+	12.96	CCATCTGGTCA
1-CCATCTGBTYY	STREME-1	chr4	69538360	69538370	+	12.96	CCATCTGGTAA
1-CCATCTGBTYY	STREME-1	chr16	41173048	41173058	-	12.95	CCATCTGCTAA
1-CCATCTGBTYY	STREME-1	chr19	14681506	14681516	-	12.95	CCATCTGCTAA
1-CCATCTGBTYY	STREME-1	chr11	65403070	65403080	-	12.95	CCATCTGCTAA
1-CCATCTGBTYY	STREME-1	chr15	34281494	34281504	+	12.93	CCATCTGGTCT
1-CCATCTGBTYY	STREME-1	chr4	56088926	56088936	-	12.90	CCATCTGCTTA
1-CCATCTGBTYY	STREME-1	chr8	52571374	52571384	+	12.90	CCATCTGCTTA
1-CCATCTGBTYY	STREME-1	chr1	35138091	35138101	+	12.73	CCATCTGTACC
1-CCATCTGBTYY	STREME-1	chr11	115679027	115679037	+	12.64	CCATCTGTTGC
1-CCATCTGBTYY	STREME-1	chr7	99374468	99374478	+	12.60	CCATATGCTAC
1-CCATCTGBTYY	STREME-1	chr3	102071247	102071257	+	12.58	CCATCTGCTCA
1-CCATCTGBTYY	STREME-1	chr12	26802746	26802756	+	12.58	CCATCTGCTCA
1-CCATCTGBTYY	STREME-1	chr5	34729324	34729334	-	12.58	CCATCTGCTCA
1-CCATCTGBTYY	STREME-1	chr1	32645130	32645140	-	12.56	CCATCTGTCCC
1-CCATCTGBTYY	STREME-1	chr2	156233839	156233849	+	12.56	CCATCTGTCCC
1-CCATCTGBTYY	STREME-1	chr11	65931002	65931012	+	12.56	CCATCTGTCCC
1-CCATCTGBTYY	STREME-1	chr14	80233109	80233119	-	12.56	CCATCTGTCCC
1-CCATCTGBTYY	STREME-1	chr8	122677190	122677200	+	12.56	CCATCTGTCCC
1-CCATCTGBTYY	STREME-1	chr5	102953624	102953634	-	12.56	CCATCTGTCCC
1-CCATCTGBTYY	STREME-1	chr4	106955959	106955969	+	12.56	CCATCTGTCCC
1-CCATCTGBTYY	STREME-1	chr6	148571796	148571806	-	12.56	CCATCTGTCCC
1-CCATCTGBTYY	STREME-1	chr17	8702774	8702784	-	12.56	CCATCTGGTAG
1-CCATCTGBTYY	STREME-1	chr10	77811486	77811496	-	12.55	CCATCTGCTCT
1-CCATCTGBTYY	STREME-1	chr11	101526352	101526362	+	12.55	CCATCTGCTCT
1-CCATCTGBTYY	STREME-1	chr10	77787723	77787733	-	12.55	CCATCTGCTCT
1-CCATCTGBTYY	STREME-1	chr10	77776485	77776495	-	12.55	CCATCTGCTCT
1-CCATCTGBTYY	STREME-1	chr5	125128997	125129007	-	12.55	CCATCTGCTCT
1-CCATCTGBTYY	STREME-1	chr10	77782083	77782093	-	12.55	CCATCTGCTCT
1-CCATCTGBTYY	STREME-1	chr10	77815057	77815067	+	12.55	CCATCTGCTCT
1-CCATCTGBTYY	STREME-1	chr10	77853207	77853217	+	12.55	CCATCTGCTCT
1-CCATCTGBTYY	STREME-1	chr7	46648580	46648590	+	12.55	CCATCTGCTCT
1-CCATCTGBTYY	STREME-1	chr10	77794632	77794642	-	12.55	CCATCTGCTCT
1-CCATCTGBTYY	STREME-1	chrX	8222386	8222396	+	12.55	CCATCTGCTCT
1-CCATCTGBTYY	STREME-1	chr10	77759325	77759335	-	12.55	CCATCTGCTCT
1-CCATCTGBTYY	STREME-1	chr10	77798620	77798630	-	12.55	CCATCTGCTCT
1-CCATCTGBTYY	STREME-1	chr15	85403368	85403378	+	12.55	CCATCTGCTCT
1-CCATCTGBTYY	STREME-1	chr8	91677150	91677160	+	12.55	CCATCTGCTCT
1-CCATCTGBTYY	STREME-1	chr10	77690295	77690305	-	12.55	CCATCTGCTCT
1-CCATCTGBTYY	STREME-1	chr10	77696774	77696784	-	12.55	CCATCTGCTCT
1-CCATCTGBTYY	STREME-1	chr10	77770968	77770978	-	12.55	CCATCTGCTCT
1-CCATCTGBTYY	STREME-1	chr16	40228807	40228817	+	12.55	CCATCTGCTCT
1-CCATCTGBTYY	STREME-1	chr10	77742131	77742141	-	12.55	CCATCTGCTCT
1-CCATCTGBTYY	STREME-1	chr5	140021951	140021961	+	12.55	CCATCTGCTCT
1-CCATCTGBTYY	STREME-1	chr12	25871376	25871386	+	12.54	CCATCTGCTAG
1-CCATCTGBTYY	STREME-1	chr9	79004836	79004846	+	12.54	CCATCTGCTAG
1-CCATCTGBTYY	STREME-1	chr12	27479909	27479919	+	12.54	CCATCTGCTAG
1-CCATCTGBTYY	STREME-1	chr4	97575651	97575661	-	12.49	CCATCTGTTTC
1-CCATCTGBTYY	STREME-1	chr11	9269311	9269321	+	12.49	CCATCTGTTTC
1-CCATCTGBTYY	STREME-1	chr15	64429753	64429763	-	12.49	CCATCTGTTTC
1-CCATCTGBTYY	STREME-1	chr13	54266675	54266685	+	12.42	CCATCTGTTTA
1-CCATCTGBTYY	STREME-1	chr15	32324279	32324289	-	12.40	CCATCTGGCCC
1-CCATCTGBTYY	STREME-1	chr12	112591057	112591067	+	12.40	CCATCTGGCCC
1-CCATCTGBTYY	STREME-1	chr12	81820886	81820896	+	12.38	CCATCTGTTAG
1-CCATCTGBTYY	STREME-1	chr5	119492052	119492062	+	12.35	CCATCTGTTCA
1-CCATCTGBTYY	STREME-1	chr8	68830354	68830364	-	12.35	CCATCTGTTCA
1-CCATCTGBTYY	STREME-1	chr9	100560716	100560726	-	12.35	CCATCTGTTCA
1-CCATCTGBTYY	STREME-1	chr5	5528373	5528383	-	12.35	CCATCTGTTCA
1-CCATCTGBTYY	STREME-1	chr5	5528400	5528410	-	12.35	CCATCTGTTCA
1-CCATCTGBTYY	STREME-1	chr5	5528427	5528437	-	12.35	CCATCTGTTCA
1-CCATCTGBTYY	STREME-1	chr5	5528454	5528464	-	12.35	CCATCTGTTCA
1-CCATCTGBTYY	STREME-1	chr3	122814753	122814763	+	12.32	CCATCTGTTCT
1-CCATCTGBTYY	STREME-1	chr4	85922990	85923000	+	12.32	CCATCTGTTCT
1-CCATCTGBTYY	STREME-1	chr5	78993433	78993443	-	12.32	CCATCTGTTCT
1-CCATCTGBTYY	STREME-1	chr6	34483013	34483023	-	12.32	CCATCTGTTCT
1-CCATCTGBTYY	STREME-1	chr19	10809886	10809896	+	12.32	CCATCTGTTCT
1-CCATCTGBTYY	STREME-1	chr7	124358288	124358298	-	12.32	CCATCTGTTCT
1-CCATCTGBTYY	STREME-1	chr18	33751270	33751280	+	12.30	CCATCTGTTGA
1-CCATCTGBTYY	STREME-1	chr2	171713346	171713356	-	12.29	CCATCTGCTTT
1-CCATCTGBTYY	STREME-1	chr11	19899869	19899879	+	12.29	CCATCTGCTTT
1-CCATCTGBTYY	STREME-1	chr9	97639150	97639160	-	12.29	CCATCTGCTTT
1-CCATCTGBTYY	STREME-1	chr7	119047483	119047493	+	12.29	CCATCTGCTTT
1-CCATCTGBTYY	STREME-1	chr7	118429049	118429059	-	12.22	CCAACTGCTAC
1-CCATCTGBTYY	STREME-1	chr12	17558162	17558172	-	12.16	CCATCTGCCCT
1-CCATCTGBTYY	STREME-1	chr11	80551840	80551850	-	12.16	CCATCTGCCCT
1-CCATCTGBTYY	STREME-1	chr16	17208943	17208953	+	12.14	CCATCTGCGCT
1-CCATCTGBTYY	STREME-1	chr8	111218339	111218349	+	12.06	CCATCTGGTGC
1-CCATCTGBTYY	STREME-1	chr5	133156585	133156595	-	12.06	CCATATGCTCC
1-CCATCTGBTYY	STREME-1	chr7	36265408	36265418	-	12.06	CCATATGCTCC
1-CCATCTGBTYY	STREME-1	chr17	88316805	88316815	-	12.03	CCATCTGCCTC
1-CCATCTGBTYY	STREME-1	chr5	112092046	112092056	-	12.03	CCATCTGCCTC
1-CCATCTGBTYY	STREME-1	chr7	119047504	119047514	+	12.03	CCATCTGCCTC
1-CCATCTGBTYY	STREME-1	chr1	135604947	135604957	+	12.03	CCATCTGCCTC
1-CCATCTGBTYY	STREME-1	chr2	77065505	77065515	-	11.94	CCATCTGGTTG
1-CCATCTGBTYY	STREME-1	chr9	112102618	112102628	+	11.93	CCATCTGTTGT
1-CCATCTGBTYY	STREME-1	chr12	12716196	12716206	+	11.93	CCATCTGTTGT
1-CCATCTGBTYY	STREME-1	chr10	109684758	109684768	+	11.93	CCATCTGTTGT
1-CCATCTGBTYY	STREME-1	chr1	153309078	153309088	-	11.81	CCATCTGTTTT
1-CCATCTGBTYY	STREME-1	chr5	140098914	140098924	+	11.81	CCATCTGTTTT
1-CCATCTGBTYY	STREME-1	chr3	39746169	39746179	+	11.77	CCATCTGTCAC
1-CCATCTGBTYY	STREME-1	chr3	18625796	18625806	+	11.77	CCATCTGTCAC
1-CCATCTGBTYY	STREME-1	chr4	8850649	8850659	+	11.77	CCATCTGTCAC
1-CCATCTGBTYY	STREME-1	chr6	54802580	54802590	-	11.77	CCATCTGTCAC
1-CCATCTGBTYY	STREME-1	chr15	86963080	86963090	+	11.77	CCATCTGTCAC
1-CCATCTGBTYY	STREME-1	chr15	86963094	86963104	+	11.77	CCATCTGTCAC
1-CCATCTGBTYY	STREME-1	chr4	119986824	119986834	+	11.76	CCATCTGCTTG
1-CCATCTGBTYY	STREME-1	chr2	143701391	143701401	-	11.76	CCATCTGCTTG
1-CCATCTGBTYY	STREME-1	chr10	84387549	84387559	-	11.75	CCATCTGGACG
1-CCATCTGBTYY	STREME-1	chr1	39478105	39478115	-	11.75	CCATCTGGACG
1-CCATCTGBTYY	STREME-1	chr5	78993477	78993487	-	11.72	CCATCTGGTGA
1-CCATCTGBTYY	STREME-1	chr11	19899834	19899844	-	11.72	CCATCTGGTGA
1-CCATCTGBTYY	STREME-1	chr6	137272686	137272696	-	11.72	CCATCTGGTGA
1-CCATCTGBTYY	STREME-1	chr16	96249840	96249850	-	11.72	CCATCTGGTGA
1-CCATCTGBTYY	STREME-1	chr15	77279841	77279851	+	11.72	CCATCTGGTGA
1-CCATCTGBTYY	STREME-1	chr15	77279893	77279903	+	11.72	CCATCTGGTGA
1-CCATCTGBTYY	STREME-1	chr11	44626245	44626255	+	11.69	CCAACTGCTCC
1-CCATCTGBTYY	STREME-1	chr3	39746120	39746130	-	11.63	CCATCTGGACC
1-CCATCTGBTYY	STREME-1	chr4	105001953	105001963	+	11.63	CCATCTGGACC
1-CCATCTGBTYY	STREME-1	chr17	29680371	29680381	+	11.63	CCATATGGTAT
1-CCATCTGBTYY	STREME-1	chr2	136803336	136803346	+	11.61	CCATCTGCACC
1-CCATCTGBTYY	STREME-1	chr1	169060743	169060753	+	11.61	CCATCTGCACC
1-CCATCTGBTYY	STREME-1	chr5	120656362	120656372	-	11.61	CCATCTGTAAC
1-CCATCTGBTYY	STREME-1	chr18	12120641	12120651	+	11.61	CCATCTGTAAC
1-CCATCTGBTYY	STREME-1	chr3	41963122	41963132	-	11.60	CCATCTGCCTT
1-CCATCTGBTYY	STREME-1	chr8	126064176	126064186	-	11.60	CCATCTGCCTT
1-CCATCTGBTYY	STREME-1	chr8	127108086	127108096	-	11.60	CCATATGCGAC
1-CCATCTGBTYY	STREME-1	chr1	143904230	143904240	-	11.60	CCATATGGTTC
1-CCATCTGBTYY	STREME-1	chr1	177364508	177364518	-	11.46	CCAACTGTTCC
1-CCATCTGBTYY	STREME-1	chr11	118760742	118760752	+	11.46	CCAACTGTTCC
1-CCATCTGBTYY	STREME-1	chr10	20381021	20381031	+	11.45	CCATCTGCCAC
1-CCATCTGBTYY	STREME-1	chr10	73931200	73931210	+	11.45	CCATCTGCCAC
1-CCATCTGBTYY	STREME-1	chr10	73931244	73931254	+	11.45	CCATCTGCCAC
1-CCATCTGBTYY	STREME-1	chr1	32645182	32645192	-	11.43	CCATCTGTCCT
1-CCATCTGBTYY	STREME-1	chr11	118973098	118973108	+	11.43	CCATCTGTCCT
1-CCATCTGBTYY	STREME-1	chrX	147528042	147528052	+	11.42	CCATCTGCTGC
1-CCATCTGBTYY	STREME-1	chr8	125959685	125959695	-	11.42	CCATCTGCTGC
1-CCATCTGBTYY	STREME-1	chr12	78002047	78002057	+	11.42	CCATCTGCTGC
1-CCATCTGBTYY	STREME-1	chr5	131794775	131794785	+	11.42	CCATCTGCTGC
1-CCATCTGBTYY	STREME-1	chr14	34944781	34944791	-	11.42	CCATCTGCTGC
1-CCATCTGBTYY	STREME-1	chr1	28214443	28214453	+	11.42	CCATCTGCTGC
1-CCATCTGBTYY	STREME-1	chr2	166633162	166633172	+	11.42	CCATCTGCTGC
1-CCATCTGBTYY	STREME-1	chr2	168440942	168440952	-	11.42	CCATCTGCTGC
1-CCATCTGBTYY	STREME-1	chr18	65855700	65855710	-	11.42	CCATATGCTTC
1-CCATCTGBTYY	STREME-1	chr17	29680368	29680378	-	11.42	CCATATGGTCA
1-CCATCTGBTYY	STREME-1	chr4	70058992	70059002	-	11.40	CCATCTGTTGG
1-CCATCTGBTYY	STREME-1	chr6	36926707	36926717	-	11.39	CCATATGGTCT
1-CCATCTGBTYY	STREME-1	chr6	36926710	36926720	+	11.39	CCATATGGTCT
1-CCATCTGBTYY	STREME-1	chr9	29796523	29796533	+	11.37	CAATCTGTTAC
1-CCATCTGBTYY	STREME-1	chr2	166637061	166637071	-	11.37	CCATCTGTCTC
1-CCATCTGBTYY	STREME-1	chr1	179184789	179184799	-	11.37	CCATCTGTCTC
1-CCATCTGBTYY	STREME-1	chr18	37880167	37880177	-	11.37	CCATCTGTCTC
1-CCATCTGBTYY	STREME-1	chr13	58068644	58068654	+	11.37	CCATCTGTCTC
1-CCATCTGBTYY	STREME-1	chr17	83115357	83115367	+	11.37	CCATCTGTCTC
1-CCATCTGBTYY	STREME-1	chr7	121939879	121939889	-	11.37	CCATCTGTCTC
1-CCATCTGBTYY	STREME-1	chr11	69211584	69211594	-	11.37	CCATCTGTCTC
1-CCATCTGBTYY	STREME-1	chr11	69211627	69211637	-	11.37	CCATCTGTCTC
1-CCATCTGBTYY	STREME-1	chr4	45756047	45756057	-	11.36	CCATATGGCCG
1-CCATCTGBTYY	STREME-1	chr8	57333520	57333530	+	11.35	CCATCTGGTGT
1-CCATCTGBTYY	STREME-1	chr15	88451439	88451449	-	11.35	CCATCTGGTGT
1-CCATCTGBTYY	STREME-1	chr12	17558106	17558116	-	11.35	CCATCTGGTGT
1-CCATCTGBTYY	STREME-1	chr2	165069026	165069036	-	11.35	CCATCTGGTGT
1-CCATCTGBTYY	STREME-1	chr4	103577614	103577624	-	11.33	CCATCTGTCAA
1-CCATCTGBTYY	STREME-1	chr8	120557798	120557808	+	11.31	CCGTCTGCCGA
1-CCATCTGBTYY	STREME-1	chr15	55137562	55137572	-	11.29	CCATCTGTTTG
1-CCATCTGBTYY	STREME-1	chr18	33425855	33425865	-	11.29	CCATCTGTTTG
1-CCATCTGBTYY	STREME-1	chr18	79050952	79050962	+	11.27	CCATCTGGCCT
1-CCATCTGBTYY	STREME-1	chr19	41047643	41047653	-	11.27	CCATCTGGCCT
1-CCATCTGBTYY	STREME-1	chr18	73318784	73318794	+	11.27	CCATCTGGCCT
1-CCATCTGBTYY	STREME-1	chr19	7148988	7148998	+	11.27	CCAACTGGCGC
1-CCATCTGBTYY	STREME-1	chr15	32324319	32324329	+	11.26	CCATCTGTAGT
1-CCATCTGBTYY	STREME-1	chr11	108081106	108081116	-	11.25	CCATCTGTCTA
1-CCATCTGBTYY	STREME-1	chr11	108081138	108081148	-	11.25	CCATCTGTCTA
1-CCATCTGBTYY	STREME-1	chr1	168241029	168241039	+	11.24	CCATCTGCAAC
1-CCATCTGBTYY	STREME-1	chr11	108081090	108081100	-	11.21	CCATCTGCCCA
1-CCATCTGBTYY	STREME-1	chr11	108081154	108081164	-	11.21	CCATCTGCCCA
1-CCATCTGBTYY	STREME-1	chr5	111720631	111720641	+	11.21	CCATCTGCCCA
1-CCATCTGBTYY	STREME-1	chr15	37397757	37397767	-	11.21	CCATCTGCCCA
1-CCATCTGBTYY	STREME-1	chr15	37397801	37397811	-	11.21	CCATCTGCCCA
1-CCATCTGBTYY	STREME-1	chr15	37397813	37397823	-	11.21	CCATCTGCCCA
1-CCATCTGBTYY	STREME-1	chr15	102584297	102584307	+	11.19	CAATCTGCCCG
1-CCATCTGBTYY	STREME-1	chr2	154584109	154584119	+	11.18	CCATCTGCGAG
1-CCATCTGBTYY	STREME-1	chr2	113682310	113682320	+	11.17	CCATCTGTCAT
1-CCATCTGBTYY	STREME-1	chr3	42023271	42023281	-	11.11	CCTTCTGGTCC
1-CCATCTGBTYY	STREME-1	chr9	123384837	123384847	+	11.11	CCTTCTGGTCC
1-CCATCTGBTYY	STREME-1	chr10	11515311	11515321	+	11.08	CCGTCTGGTCA
1-CCATCTGBTYY	STREME-1	chr8	79141173	79141183	-	11.08	CCATCTGCTGA
1-CCATCTGBTYY	STREME-1	chr9	59197721	59197731	+	11.08	CCATCTGCTGA
1-CCATCTGBTYY	STREME-1	chr11	44626209	44626219	-	11.04	CCATCTGGCTC
1-CCATCTGBTYY	STREME-1	chr9	27192739	27192749	+	11.04	CCATCTGGCTC
1-CCATCTGBTYY	STREME-1	chr2	129998691	129998701	-	11.04	CCATCTGGCTC
1-CCATCTGBTYY	STREME-1	chr5	148453972	148453982	+	11.04	CCATCTGGCTC
1-CCATCTGBTYY	STREME-1	chr6	113857009	113857019	-	11.04	CCTTCTGTCGC
1-CCATCTGBTYY	STREME-1	chr10	121956700	121956710	+	11.03	CCATATGCTCA
1-CCATCTGBTYY	STREME-1	chr13	117048706	117048716	+	11.03	CCAACTGCTAA
1-CCATCTGBTYY	STREME-1	chr4	111866911	111866921	+	11.02	CCATATGTCCC
1-CCATCTGBTYY	STREME-1	chr1	43024971	43024981	+	11.01	CCATCTGCCAA
1-CCATCTGBTYY	STREME-1	chr2	146045597	146045607	-	11.01	CCATCTGCCAA
1-CCATCTGBTYY	STREME-1	chr10	19277392	19277402	+	11.01	CCATATGCTCT
1-CCATCTGBTYY	STREME-1	chr9	70402410	70402420	+	11.01	CCATATGCTCT
1-CCATCTGBTYY	STREME-1	chr16	25255837	25255847	-	11.00	CCATATGCTAG
1-CCATCTGBTYY	STREME-1	chr13	103806345	103806355	-	11.00	CCATATGCTAG
1-CCATCTGBTYY	STREME-1	chr6	91359901	91359911	-	10.94	CCATCTGTCTT
1-CCATCTGBTYY	STREME-1	chr10	84387511	84387521	+	10.92	CCATCTGGCTA
1-CCATCTGBTYY	STREME-1	chr12	27054623	27054633	-	10.92	CCATCTGGCTA
1-CCATCTGBTYY	STREME-1	chr1	170721701	170721711	-	10.89	CCATCTGCGGA
1-CCATCTGBTYY	STREME-1	chr1	177039479	177039489	+	10.85	CCATCTGCCAT
1-CCATCTGBTYY	STREME-1	chr5	32335296	32335306	+	10.85	CCATCTGCCAT
1-CCATCTGBTYY	STREME-1	chr5	132029815	132029825	-	10.85	CCATCTGCCAT
1-CCATCTGBTYY	STREME-1	chr6	50890550	50890560	-	10.85	CCATCTGCCAT
1-CCATCTGBTYY	STREME-1	chr5	117841228	117841238	+	10.84	CCATATGTTAG
1-CCATCTGBTYY	STREME-1	chr15	31265050	31265060	+	10.82	CCATCTGGTGG
1-CCATCTGBTYY	STREME-1	chr3	15194564	15194574	+	10.82	CCATCTGGTGG
1-CCATCTGBTYY	STREME-1	chr3	51289293	51289303	-	10.82	CCATCTGGTGG
1-CCATCTGBTYY	STREME-1	chr12	29639965	29639975	+	10.81	CCATCTGGACT
1-CCATCTGBTYY	STREME-1	chr11	70294055	70294065	-	10.81	CCATCTGGACT
1-CCATCTGBTYY	STREME-1	chr1	190213381	190213391	+	10.81	CCATCTGGACT
1-CCATCTGBTYY	STREME-1	chr4	128399157	128399167	+	10.81	CCATCTGGACT
1-CCATCTGBTYY	STREME-1	chr8	125081235	125081245	+	10.81	CCATCTGTAGC
1-CCATCTGBTYY	STREME-1	chr8	86713939	86713949	+	10.79	CCATCTGCACT
1-CCATCTGBTYY	STREME-1	chr1	177364499	177364509	-	10.79	CCATCTGCACT
1-CCATCTGBTYY	STREME-1	chr11	59640571	59640581	+	10.79	CCATCTGCACT
1-CCATCTGBTYY	STREME-1	chr11	59640932	59640942	+	10.79	CCATCTGCACT
1-CCATCTGBTYY	STREME-1	chr16	85887886	85887896	-	10.78	CCATATGTTCT
1-CCATCTGBTYY	STREME-1	chr6	146282210	146282220	+	10.78	CCATATGTTCT
1-CCATCTGBTYY	STREME-1	chr9	62222633	62222643	+	10.78	CAATCTGTTCC
1-CCATCTGBTYY	STREME-1	chr9	62222660	62222670	-	10.78	CAATCTGTTCC
1-CCATCTGBTYY	STREME-1	chr8	84787754	84787764	-	10.76	CAATCTGTCGT
1-CCATCTGBTYY	STREME-1	chr17	87745528	87745538	+	10.74	CCATATGCTTT
1-CCATCTGBTYY	STREME-1	chr8	122677145	122677155	+	10.73	CCTTCTGCTCC
1-CCATCTGBTYY	STREME-1	chr2	144019531	144019541	-	10.73	CCTTCTGCTCC
1-CCATCTGBTYY	STREME-1	chr2	144019570	144019580	-	10.73	CCTTCTGCTCC
1-CCATCTGBTYY	STREME-1	chr9	60957748	60957758	-	10.71	CCATCTGCTGT
1-CCATCTGBTYY	STREME-1	chr16	96249797	96249807	+	10.71	CCATCTGCTGT
1-CCATCTGBTYY	STREME-1	chr16	33735971	33735981	+	10.71	CCATCTGCTGT
1-CCATCTGBTYY	STREME-1	chr12	72285631	72285641	-	10.71	CCATCTGCTGT
1-CCATCTGBTYY	STREME-1	chr7	124131455	124131465	+	10.71	CCATCTGGCAC
1-CCATCTGBTYY	STREME-1	chr3	88226312	88226322	+	10.71	CCATCTGGCAC
1-CCATCTGBTYY	STREME-1	chr5	35138495	35138505	-	10.71	CCATCTGGCAC
1-CCATCTGBTYY	STREME-1	chr19	41101532	41101542	+	10.71	CCATCTGGCAC
1-CCATCTGBTYY	STREME-1	chr5	141084191	141084201	+	10.70	CCGTCTGCTCA
1-CCATCTGBTYY	STREME-1	chr11	118973118	118973128	+	10.68	CCGTCTGCCGG
1-CCATCTGBTYY	STREME-1	chr10	10942441	10942451	-	10.67	CCGTCTGCTCT
1-CCATCTGBTYY	STREME-1	chr9	62477272	62477282	-	10.67	CCATCTGGGCC
1-CCATCTGBTYY	STREME-1	chr7	121939936	121939946	-	10.67	CCATCTGGGCC
1-CCATCTGBTYY	STREME-1	chr1	155193238	155193248	-	10.66	CCAACTGCTCA
1-CCATCTGBTYY	STREME-1	chr6	140776495	140776505	-	10.64	CCGTATGTCGC
1-CCATCTGBTYY	STREME-1	chr9	121398969	121398979	-	10.64	CCAACTGTCCC
1-CCATCTGBTYY	STREME-1	chr2	33015051	33015061	+	10.63	CCATCTGTGCG
1-CCATCTGBTYY	STREME-1	chr1	33522311	33522321	+	10.63	CCATCTGTGCG
1-CCATCTGBTYY	STREME-1	chr1	33522353	33522363	+	10.63	CCATCTGTGCG
1-CCATCTGBTYY	STREME-1	chr1	33522374	33522384	+	10.63	CCATCTGTGCG
1-CCATCTGBTYY	STREME-1	chr3	104667179	104667189	-	10.62	CCATCTGGCTT
1-CCATCTGBTYY	STREME-1	chr12	87043275	87043285	+	10.62	CCATCTGGCTT
1-CCATCTGBTYY	STREME-1	chr6	140698208	140698218	+	10.62	CCATCTGGCTT
1-CCATCTGBTYY	STREME-1	chr4	107358681	107358691	-	10.58	CAATCTGCCGA
1-CCATCTGBTYY	STREME-1	chr3	126725793	126725803	+	10.53	CAATCTGGTTC
1-CCATCTGBTYY	STREME-1	chr3	102644500	102644510	+	10.53	CAATCTGGTTC
1-CCATCTGBTYY	STREME-1	chr3	28457514	28457524	-	10.50	CCTTCTGTTCC
1-CCATCTGBTYY	STREME-1	chr15	34281462	34281472	-	10.50	CCTTCTGTTCC
1-CCATCTGBTYY	STREME-1	chr9	53916213	53916223	+	10.50	CCTTCTGTTCC
1-CCATCTGBTYY	STREME-1	chr11	108081114	108081124	-	10.48	CCATCTGTCCA
1-CCATCTGBTYY	STREME-1	chr11	108081162	108081172	-	10.48	CCATCTGTCCA
1-CCATCTGBTYY	STREME-1	chr7	73186625	73186635	+	10.48	CCATCTGTCCA
1-CCATCTGBTYY	STREME-1	chr3	107431634	107431644	-	10.48	CCATCTGTCCA
1-CCATCTGBTYY	STREME-1	chr5	119492088	119492098	+	10.48	CCATCTGTCCA
1-CCATCTGBTYY	STREME-1	chr5	119492124	119492134	+	10.48	CCATCTGTCCA
1-CCATCTGBTYY	STREME-1	chr14	59904042	59904052	+	10.48	CCATCTGTCCA
1-CCATCTGBTYY	STREME-1	chr4	128399129	128399139	+	10.48	CCATCTGTCCA
1-CCATCTGBTYY	STREME-1	chr13	97292124	97292134	+	10.48	CCATCTGTCCA
1-CCATCTGBTYY	STREME-1	chr15	37397777	37397787	-	10.48	CCATCTGTCCA
1-CCATCTGBTYY	STREME-1	chr6	14142265	14142275	-	10.47	CCGTCTGTTCA
1-CCATCTGBTYY	STREME-1	chr7	124358212	124358222	+	10.46	CCATCTGCATC
1-CCATCTGBTYY	STREME-1	chr2	101591618	101591628	+	10.43	CCAACTGTTCA
1-CCATCTGBTYY	STREME-1	chr16	7788373	7788383	+	10.40	CCAACTGTTCT
1-CCATCTGBTYY	STREME-1	chr1	176994857	176994867	-	10.40	CCATATGGTTG
1-CCATCTGBTYY	STREME-1	chr1	126154061	126154071	-	10.39	CCATATGTTGT
1-CCATCTGBTYY	STREME-1	chr7	111785749	111785759	+	10.36	CAATCTGCTTC
1-CCATCTGBTYY	STREME-1	chr8	114591435	114591445	+	10.36	CAATCTGCTTC
1-CCATCTGBTYY	STREME-1	chr5	27203327	27203337	-	10.32	CCATCTGGCCA
1-CCATCTGBTYY	STREME-1	chr1	32645190	32645200	-	10.32	CCATCTGGCCA
1-CCATCTGBTYY	STREME-1	chr3	95027883	95027893	+	10.32	CCATCTGGCCA
1-CCATCTGBTYY	STREME-1	chr5	97301167	97301177	-	10.31	CCTTCTGCCGA
1-CCATCTGBTYY	STREME-1	chr7	73918192	73918202	+	10.27	CCATATGTTTT
1-CCATCTGBTYY	STREME-1	chr8	125081178	125081188	+	10.26	CCTTCTGGTTC
1-CCATCTGBTYY	STREME-1	chr15	55418120	55418130	-	10.25	CCATCTGGATC
1-CCATCTGBTYY	STREME-1	chr16	94289334	94289344	+	10.23	CCATCTGCATT
1-CCATCTGBTYY	STREME-1	chr4	97880564	97880574	+	10.23	CCATATGTCAC
1-CCATCTGBTYY	STREME-1	chr9	94279083	94279093	+	10.22	CCATATGCTTG
1-CCATCTGBTYY	STREME-1	chr17	10475126	10475136	+	10.22	CCATATGCTTG
1-CCATCTGBTYY	STREME-1	chr8	32793006	32793016	-	10.19	CCGTCTGGTGC
1-CCATCTGBTYY	STREME-1	chr8	12341167	12341177	+	10.19	CCATATGCACG
1-CCATCTGBTYY	STREME-1	chr8	86713979	86713989	+	10.18	CCATCTGCTGG
1-CCATCTGBTYY	STREME-1	chr11	65905666	65905676	-	10.18	CCATCTGCTGG
1-CCATCTGBTYY	STREME-1	chr18	76354833	76354843	-	10.18	CCATCTGCTGG
1-CCATCTGBTYY	STREME-1	chr6	111373247	111373257	-	10.18	CCATCTGCTGG
1-CCATCTGBTYY	STREME-1	chr11	56762891	56762901	+	10.18	CCATCTGCTGG
1-CCATCTGBTYY	STREME-1	chr6	99969136	99969146	+	10.18	CCATCTGCTGG
1-CCATCTGBTYY	STREME-1	chr4	101450644	101450654	-	10.09	CCATATGGACC
1-CCATCTGBTYY	STREME-1	chr14	47915724	47915734	-	10.08	CCTTCTGCTTC
1-CCATCTGBTYY	STREME-1	chr3	33000564	33000574	-	10.08	CCATCTGGGTA
1-CCATCTGBTYY	STREME-1	chr3	33000592	33000602	-	10.08	CCATCTGGGTA
1-CCATCTGBTYY	STREME-1	chr4	152628349	152628359	-	10.07	CCATCTGGAAC
1-CCATCTGBTYY	STREME-1	chr7	133003638	133003648	+	10.07	CCATCTGGAAC
1-CCATCTGBTYY	STREME-1	chr7	102369923	102369933	-	10.06	CCTTCTGGTCT
1-CCATCTGBTYY	STREME-1	chr7	110952959	110952969	+	10.05	CCATCTGTACA
1-CCATCTGBTYY	STREME-1	chr7	110952977	110952987	+	10.05	CCATCTGTACA
1-CCATCTGBTYY	STREME-1	chr7	110952996	110953006	+	10.05	CCATCTGTACA
1-CCATCTGBTYY	STREME-1	chr7	110953014	110953024	+	10.05	CCATCTGTACA
1-CCATCTGBTYY	STREME-1	chr7	110953033	110953043	+	10.05	CCATCTGTACA
1-CCATCTGBTYY	STREME-1	chr17	13584086	13584096	+	10.05	CCATCTGTACA
1-CCATCTGBTYY	STREME-1	chr16	94289367	94289377	-	10.04	CCATCTGTGAC
1-CCATCTGBTYY	STREME-1	chr19	7149000	7149010	+	10.04	CCATCTGTGAC
1-CCATCTGBTYY	STREME-1	chr10	53612443	53612453	-	10.04	CCATCTGTGAC
1-CCATCTGBTYY	STREME-1	chr10	95035749	95035759	+	10.02	CCTTCTGCTTA
1-CCATCTGBTYY	STREME-1	chr4	106955990	106956000	+	10.02	CCTTCTGCTTA
1-CCATCTGBTYY	STREME-1	chr2	77065487	77065497	+	10.02	CCATCTGGATT
1-CCATCTGBTYY	STREME-1	chr13	58158821	58158831	+	10.02	CCATCTGGATT
1-CCATCTGBTYY	STREME-1	chr19	58762922	58762932	-	9.97	CAATCTGCTCA
1-CCATCTGBTYY	STREME-1	chr8	120557767	120557777	+	9.97	CAATCTGCTCA
1-CCATCTGBTYY	STREME-1	chr7	80687757	80687767	+	9.97	CAATCTGCTCA
1-CCATCTGBTYY	STREME-1	chr1	33947218	33947228	-	9.94	CAATCTGCTCT
1-CCATCTGBTYY	STREME-1	chr3	137728827	137728837	+	9.94	CCATCTGTAAA
1-CCATCTGBTYY	STREME-1	chr4	13248592	13248602	-	9.92	CCGTATGGCGC
1-CCATCTGBTYY	STREME-1	chr16	50833589	50833599	-	9.92	CCATCTGTGCC
1-CCATCTGBTYY	STREME-1	chr16	22430427	22430437	-	9.92	CCATCTGTGCC
1-CCATCTGBTYY	STREME-1	chr2	35477525	35477535	-	9.92	CCATCTGTGCC
1-CCATCTGBTYY	STREME-1	chr4	45756088	45756098	-	9.92	CCATCTGTGCC
1-CCATCTGBTYY	STREME-1	chr5	141116172	141116182	-	9.92	CCATCTGTGCC
1-CCATCTGBTYY	STREME-1	chr4	40850216	40850226	-	9.91	CCATATGCCAC
1-CCATCTGBTYY	STREME-1	chr10	49985192	49985202	-	9.91	CCATATGCCAC
1-CCATCTGBTYY	STREME-1	chr4	47519106	47519116	-	9.91	CCATATGCCAC
1-CCATCTGBTYY	STREME-1	chr8	12341134	12341144	+	9.90	CCATATGCGCA
1-CCATCTGBTYY	STREME-1	chr4	107358636	107358646	-	9.89	CCAACTGTTTT
1-CCATCTGBTYY	STREME-1	chr12	82458211	82458221	+	9.89	CCGTCTGCTTG
1-CCATCTGBTYY	STREME-1	chr8	12126771	12126781	-	9.88	CCATATGCTGC
1-CCATCTGBTYY	STREME-1	chr4	55073128	55073138	-	9.88	CCATCTGGGAC
1-CCATCTGBTYY	STREME-1	chr6	111373234	111373244	-	9.85	CCTTCTGTACC
1-CCATCTGBTYY	STREME-1	chr2	135541245	135541255	-	9.85	CCAACTGCTTG
1-CCATCTGBTYY	STREME-1	chr6	148571819	148571829	-	9.85	CCAACTGCTTG
1-CCATCTGBTYY	STREME-1	chr5	121239992	121240002	-	9.85	CCAACTGCTTG
1-CCATCTGBTYY	STREME-1	chr13	48046389	48046399	-	9.83	CAATATGTTAC
1-CCATCTGBTYY	STREME-1	chr2	104419582	104419592	-	9.83	CCAGCTGGTAC
1-CCATCTGBTYY	STREME-1	chr2	104419602	104419612	-	9.83	CCAGCTGGTAC
1-CCATCTGBTYY	STREME-1	chr2	104419642	104419652	-	9.83	CCAGCTGGTAC
1-CCATCTGBTYY	STREME-1	chr5	24657279	24657289	-	9.83	CCAGCTGGTAC
1-CCATCTGBTYY	STREME-1	chr7	111785726	111785736	-	9.82	CCAGCTGCTAC
1-CCATCTGBTYY	STREME-1	chr10	58925300	58925310	-	9.82	CCAGCTGCTAC
1-CCATCTGBTYY	STREME-1	chr10	58925316	58925326	-	9.82	CCAGCTGCTAC
1-CCATCTGBTYY	STREME-1	chr10	58925332	58925342	-	9.82	CCAGCTGCTAC
1-CCATCTGBTYY	STREME-1	chr10	58925348	58925358	-	9.82	CCAGCTGCTAC
1-CCATCTGBTYY	STREME-1	chr10	58925380	58925390	-	9.82	CCAGCTGCTAC
1-CCATCTGBTYY	STREME-1	chr9	27996746	27996756	-	9.79	CCATCTGGAGT
1-CCATCTGBTYY	STREME-1	chr4	153930150	153930160	-	9.79	CCATCTGGAGT
1-CCATCTGBTYY	STREME-1	chr6	55543495	55543505	-	9.77	CAATCTGTTAG
1-CCATCTGBTYY	STREME-1	chr5	115186975	115186985	+	9.77	CCTTATGCTCC
1-CCATCTGBTYY	STREME-1	chr7	97339865	97339875	+	9.76	CCTTCTGTTGC
1-CCATCTGBTYY	STREME-1	chr7	127935635	127935645	+	9.75	CCAGCTGCGCG
1-CCATCTGBTYY	STREME-1	chr5	66954123	66954133	-	9.75	CAATCTGTTCA
1-CCATCTGBTYY	STREME-1	chr3	15194534	15194544	-	9.75	CAATCTGTTCA
1-CCATCTGBTYY	STREME-1	chr10	41316095	41316105	-	9.75	CAATCTGTTCA
1-CCATCTGBTYY	STREME-1	chr7	96523863	96523873	+	9.75	CCATATGTTTG
1-CCATCTGBTYY	STREME-1	chr17	3339018	3339028	-	9.73	CCATATGGCCT
1-CCATCTGBTYY	STREME-1	chr5	34197429	34197439	+	9.70	CCTTCTGCTCA
1-CCATCTGBTYY	STREME-1	chr2	118262938	118262948	+	9.69	CCAACTGTAAC
1-CCATCTGBTYY	STREME-1	chr17	7292162	7292172	+	9.68	CCTTCTGTCCC
1-CCATCTGBTYY	STREME-1	chr19	7148328	7148338	+	9.68	CCTTCTGTCCC
1-CCATCTGBTYY	STREME-1	chr16	50833628	50833638	+	9.67	CCTTCTGCTCT
1-CCATCTGBTYY	STREME-1	chr15	40280838	40280848	-	9.67	CCTTCTGCTAG
1-CCATCTGBTYY	STREME-1	chr9	53900019	53900029	-	9.67	CCAGCTGGTCC
1-CCATCTGBTYY	STREME-1	chr8	120309471	120309481	-	9.67	CCAGCTGGTCC
1-CCATCTGBTYY	STREME-1	chr1	75729010	75729020	-	9.67	CCAGCTGGTCC
1-CCATCTGBTYY	STREME-1	chr4	97910844	97910854	+	9.66	CCATATGTATC
1-CCATCTGBTYY	STREME-1	chr6	112058098	112058108	+	9.64	CCATCTGGAAT
1-CCATCTGBTYY	STREME-1	chr1	190213412	190213422	-	9.64	CCATCTGGAAT
1-CCATCTGBTYY	STREME-1	chr16	96439125	96439135	+	9.63	CCATATGTCAT
1-CCATCTGBTYY	STREME-1	chr17	3251368	3251378	-	9.59	CCAGCTGTCGC
1-CCATCTGBTYY	STREME-1	chr14	32028760	32028770	-	9.59	CCTTCTGGTTT
1-CCATCTGBTYY	STREME-1	chr15	55652258	55652268	+	9.57	CCATCTGCAAA
1-CCATCTGBTYY	STREME-1	chr17	47887667	47887677	-	9.56	CAATCTGCCCT
1-CCATCTGBTYY	STREME-1	chr5	148454000	148454010	+	9.55	CCTTCTGTTTA
1-CCATCTGBTYY	STREME-1	chr3	49033213	49033223	+	9.54	CCTTATGTTCC
1-CCATCTGBTYY	STREME-1	chr12	82458178	82458188	+	9.54	CCATCTGTCAG
1-CCATCTGBTYY	STREME-1	chr18	54121727	54121737	-	9.54	CCATCTGTCAG
1-CCATCTGBTYY	STREME-1	chr4	125008890	125008900	-	9.54	CCATCTGTCAG
1-CCATCTGBTYY	STREME-1	chr3	37875889	37875899	+	9.54	CCATCTGTCAG
1-CCATCTGBTYY	STREME-1	chr11	118760784	118760794	-	9.54	CCATCTGTCAG
1-CCATCTGBTYY	STREME-1	chr2	153072108	153072118	-	9.54	CCAGCTGCCGC
1-CCATCTGBTYY	STREME-1	chr10	82662612	82662622	+	9.53	CCAACTGCCAC
1-CCATCTGBTYY	STREME-1	chr5	97301133	97301143	-	9.53	CCTTCTGGCCC
1-CCATCTGBTYY	STREME-1	chr12	100665406	100665416	-	9.53	CCTTCTGGCCC
1-CCATCTGBTYY	STREME-1	chr10	49985213	49985223	-	9.51	CCATCTGCAGT
1-CCATCTGBTYY	STREME-1	chr11	99685404	99685414	-	9.51	CCAACTGCTGC
1-CCATCTGBTYY	STREME-1	chr11	99730298	99730308	+	9.51	CCAACTGCTGC
1-CCATCTGBTYY	STREME-1	chr3	5754916	5754926	-	9.51	CCAACTGCTGC
1-CCATCTGBTYY	STREME-1	chr2	157058831	157058841	-	9.50	CCTTCTGTTAG
1-CCATCTGBTYY	STREME-1	chr14	59904019	59904029	+	9.49	CCGTCTGTCTC
1-CCATCTGBTYY	STREME-1	chr14	39043996	39044006	+	9.49	CCGTCTGTCTC
1-CCATCTGBTYY	STREME-1	chr7	73918177	73918187	-	9.48	CCATCTGCAAG
1-CCATCTGBTYY	STREME-1	chr11	65931028	65931038	+	9.47	CCAGCTGCCCG
1-CCATCTGBTYY	STREME-1	chr4	55073193	55073203	-	9.45	CCTTCTGTTCT
1-CCATCTGBTYY	STREME-1	chr13	58558376	58558386	+	9.45	CCTTCTGTTCT
1-CCATCTGBTYY	STREME-1	chr4	64123861	64123871	-	9.45	CCTTCTGTTCT
1-CCATCTGBTYY	STREME-1	chr10	125122051	125122061	+	9.44	CCATCTGGGCT
1-CCATCTGBTYY	STREME-1	chr2	118262875	118262885	+	9.44	CCATCTGGGCT
1-CCATCTGBTYY	STREME-1	chr6	40432518	40432528	-	9.44	CCATCTGGGCT
1-CCATCTGBTYY	STREME-1	chr3	4834695	4834705	-	9.42	CCTTCTGTTGA
1-CCATCTGBTYY	STREME-1	chr10	127557950	127557960	+	9.41	CCAACTGTCAA
1-CCATCTGBTYY	STREME-1	chr4	59383975	59383985	+	9.39	CCATCTGCCTG
1-CCATCTGBTYY	STREME-1	chr5	126526035	126526045	+	9.39	CCATCTGCCTG
1-CCATCTGBTYY	STREME-1	chr4	133509126	133509136	+	9.39	CCATCTGCCTG
1-CCATCTGBTYY	STREME-1	chr8	52571352	52571362	-	9.38	CCATATGGCTA
1-CCATCTGBTYY	STREME-1	chr3	18715930	18715940	-	9.37	CCGTATGTTGC
1-CCATCTGBTYY	STREME-1	chr6	93783074	93783084	+	9.37	CCGTCTGTCTA
1-CCATCTGBTYY	STREME-1	chr10	115776764	115776774	+	9.34	CAATCTGGTTG
1-CCATCTGBTYY	STREME-1	chr4	47291189	47291199	-	9.33	CCATCTGGAGC
1-CCATCTGBTYY	STREME-1	chr17	29680419	29680429	+	9.33	CCATCTGGAGC
1-CCATCTGBTYY	STREME-1	chr10	120038377	120038387	-	9.33	CCATCTGGAGC
1-CCATCTGBTYY	STREME-1	chr15	40280814	40280824	+	9.33	CAATCTGTTGT
1-CCATCTGBTYY	STREME-1	chr15	55652294	55652304	-	9.33	CAATCTGTTGT
1-CCATCTGBTYY	STREME-1	chr4	40850172	40850182	-	9.31	CCATATGCCAT
1-CCATCTGBTYY	STREME-1	chr4	40850194	40850204	-	9.31	CCATATGCCAT
1-CCATCTGBTYY	STREME-1	chr14	114959934	114959944	+	9.28	CCAGCTGCTCC
1-CCATCTGBTYY	STREME-1	chr3	102644431	102644441	+	9.22	CCATCTGCCAG
1-CCATCTGBTYY	STREME-1	chr10	53612373	53612383	-	9.22	CCATCTGCCAG
1-CCATCTGBTYY	STREME-1	chr2	85213968	85213978	+	9.22	CCATCTGCCAG
1-CCATCTGBTYY	STREME-1	chr5	35925341	35925351	+	9.22	CCATCTGCCAG
1-CCATCTGBTYY	STREME-1	chr3	100223647	100223657	+	9.21	CCTACTGCTCC
1-CCATCTGBTYY	STREME-1	chr15	60310129	60310139	-	9.21	CAATCTGTTTT
1-CCATCTGBTYY	STREME-1	chrX	147528029	147528039	-	9.21	CCATCTGTGAT
1-CCATCTGBTYY	STREME-1	chr18	32955150	32955160	+	9.21	CCATCTGTGAT
1-CCATCTGBTYY	STREME-1	chr2	4436392	4436402	+	9.20	CCGTCTGCTGA
1-CCATCTGBTYY	STREME-1	chr14	54060106	54060116	-	9.17	CCATATGCTGT
1-CCATCTGBTYY	STREME-1	chr12	91986638	91986648	+	9.17	CCATATGCTGT
1-CCATCTGBTYY	STREME-1	chr9	29796464	29796474	+	9.17	CCATATGGCAC
1-CCATCTGBTYY	STREME-1	chr5	64023163	64023173	+	9.17	CCATATGGCAC
1-CCATCTGBTYY	STREME-1	chr18	14261445	14261455	+	9.17	CCACCTGCCGC
1-CCATCTGBTYY	STREME-1	chr1	84523121	84523131	-	9.16	CAATCTGTCAC
1-CCATCTGBTYY	STREME-1	chr11	108023408	108023418	-	9.16	CAATCTGTCAC
1-CCATCTGBTYY	STREME-1	chr14	20971151	20971161	+	9.15	CCTTCTGCCTC
1-CCATCTGBTYY	STREME-1	chr13	56698450	56698460	-	9.09	CCATATGTGCG
1-CCATCTGBTYY	STREME-1	chr6	104313167	104313177	+	9.09	CCACCTGCCCG
1-CCATCTGBTYY	STREME-1	chrX	51610981	51610991	+	9.08	CCATCTGTGTC
1-CCATCTGBTYY	STREME-1	chr10	89824397	89824407	+	9.08	CCATCTGTGTC
1-CCATCTGBTYY	STREME-1	chr10	89824460	89824470	+	9.08	CCATCTGTGTC
1-CCATCTGBTYY	STREME-1	chr10	89824861	89824871	+	9.08	CCATCTGTGTC
1-CCATCTGBTYY	STREME-1	chr10	89825457	89825467	+	9.08	CCATCTGTGTC
1-CCATCTGBTYY	STREME-1	chr10	89825520	89825530	+	9.08	CCATCTGTGTC
1-CCATCTGBTYY	STREME-1	chr4	101450647	101450657	+	9.08	CCATATGGCTT
1-CCATCTGBTYY	STREME-1	chr7	39200442	39200452	-	9.06	CCAGCTGTTCC
1-CCATCTGBTYY	STREME-1	chr14	114959850	114959860	+	9.06	CCAGCTGTTCC
1-CCATCTGBTYY	STREME-1	chr14	114959880	114959890	+	9.06	CCAGCTGTTCC
1-CCATCTGBTYY	STREME-1	chr1	177573493	177573503	+	9.06	CCATCTGCAGC
1-CCATCTGBTYY	STREME-1	chr14	64140288	64140298	+	9.06	CCATCTGCAGC
1-CCATCTGBTYY	STREME-1	chr4	62582935	62582945	-	9.06	CCATCTGCAGC
1-CCATCTGBTYY	STREME-1	chr13	58158800	58158810	-	9.05	CCATCTGTATG
1-CCATCTGBTYY	STREME-1	chr14	46767303	46767313	-	9.05	CCATCTGGGAT
1-CCATCTGBTYY	STREME-1	chr6	47231714	47231724	+	9.05	CCATCTGGGAT
1-CCATCTGBTYY	STREME-1	chr2	154460132	154460142	+	9.05	CCATCTGGGAT
1-CCATCTGBTYY	STREME-1	chr1	75729065	75729075	+	9.05	CCATCTGGGAT
1-CCATCTGBTYY	STREME-1	chr2	125032112	125032122	+	9.03	CCAACTGTCTT
1-CCATCTGBTYY	STREME-1	chr12	69456896	69456906	+	9.01	CAATCTGCACC
1-CCATCTGBTYY	STREME-1	chr7	134683161	134683171	+	8.99	CCTACTGTTCC
1-CCATCTGBTYY	STREME-1	chr6	47231696	47231706	+	8.97	CCGTCTGCCAT
1-CCATCTGBTYY	STREME-1	chr4	152572513	152572523	-	8.97	CCAGCTGCCCC
1-CCATCTGBTYY	STREME-1	chr9	121541670	121541680	-	8.97	CCAGCTGCCCC
1-CCATCTGBTYY	STREME-1	chr9	121541704	121541714	-	8.97	CCAGCTGCCCC
1-CCATCTGBTYY	STREME-1	chr9	121541738	121541748	-	8.97	CCAGCTGCCCC
1-CCATCTGBTYY	STREME-1	chr1	189991211	189991221	+	8.97	CCAGCTGCCCC
1-CCATCTGBTYY	STREME-1	chr1	189991261	189991271	+	8.97	CCAGCTGCCCC
1-CCATCTGBTYY	STREME-1	chr14	47367129	47367139	+	8.97	CCAGCTGCCCC
1-CCATCTGBTYY	STREME-1	chr17	90087052	90087062	+	8.95	CCATCTGGACA
1-CCATCTGBTYY	STREME-1	chr12	112440168	112440178	+	8.95	CCATCTGGACA
1-CCATCTGBTYY	STREME-1	chr2	49672592	49672602	+	8.95	CCATCTGGACA
1-CCATCTGBTYY	STREME-1	chr16	7788361	7788371	+	8.92	CCATCTGCACA
1-CCATCTGBTYY	STREME-1	chr2	168677887	168677897	-	8.91	CCACCTGCTCC
1-CCATCTGBTYY	STREME-1	chr10	19277410	19277420	+	8.89	CCTTCTGTCAC
1-CCATCTGBTYY	STREME-1	chr3	49033233	49033243	-	8.87	CCAGCTGGCGC
1-CCATCTGBTYY	STREME-1	chr9	107456884	107456894	+	8.85	CCAGCTGGTAT
1-CCATCTGBTYY	STREME-1	chr9	121403930	121403940	-	8.84	CCTTCTGGTGA
1-CCATCTGBTYY	STREME-1	chr6	11576233	11576243	-	8.84	CCGTCTGCTGT
1-CCATCTGBTYY	STREME-1	chr19	42699365	42699375	-	8.83	CCGTCTGGCAC
1-CCATCTGBTYY	STREME-1	chr19	42699386	42699396	-	8.83	CCGTCTGGCAC
1-CCATCTGBTYY	STREME-1	chr19	42699407	42699417	-	8.83	CCGTCTGGCAC
1-CCATCTGBTYY	STREME-1	chr19	42699428	42699438	-	8.83	CCGTCTGGCAC
1-CCATCTGBTYY	STREME-1	chr7	46648647	46648657	+	8.83	CCAGCTGCTAT
1-CCATCTGBTYY	STREME-1	chr6	42231424	42231434	+	8.83	CCAGCTGCTAT
1-CCATCTGBTYY	STREME-1	chr11	84053717	84053727	-	8.83	CAATCTGTCCT
1-CCATCTGBTYY	STREME-1	chr6	32224503	32224513	-	8.83	CAATCTGTCCT
1-CCATCTGBTYY	STREME-1	chr13	93722133	93722143	-	8.82	CAATCTGCTGC
1-CCATCTGBTYY	STREME-1	chr1	62216047	62216057	-	8.81	CCAGCTGGTTC
1-CCATCTGBTYY	STREME-1	chr9	60957760	60957770	+	8.80	CCAACTGCTGT
1-CCATCTGBTYY	STREME-1	chr15	24907155	24907165	+	8.79	CAATCTGTTGG
1-CCATCTGBTYY	STREME-1	chr3	89540216	89540226	+	8.79	CCAACTGGCAC
1-CCATCTGBTYY	STREME-1	chr12	26781700	26781710	-	8.79	CCATCTGTGGT
1-CCATCTGBTYY	STREME-1	chr7	102369847	102369857	+	8.77	CAATCTGTCTC
1-CCATCTGBTYY	STREME-1	chrX	4540019	4540029	-	8.77	CCTACTGCTAT
1-CCATCTGBTYY	STREME-1	chr4	45543623	45543633	-	8.75	CCATCTGTGGC
1-CCATCTGBTYY	STREME-1	chr2	166653618	166653628	-	8.75	CCATCTGTGGC
1-CCATCTGBTYY	STREME-1	chr5	119492072	119492082	+	8.73	CCATCTGTCTG
1-CCATCTGBTYY	STREME-1	chr5	119492108	119492118	+	8.73	CCATCTGTCTG
1-CCATCTGBTYY	STREME-1	chr7	75880804	75880814	+	8.73	CCATCTGTCTG
1-CCATCTGBTYY	STREME-1	chr5	137087019	137087029	+	8.73	CCATCTGTCTG
1-CCATCTGBTYY	STREME-1	chr13	52844327	52844337	-	8.73	CCATCTGTCTG
1-CCATCTGBTYY	STREME-1	chr13	97292132	97292142	+	8.73	CCATCTGTCTG
1-CCATCTGBTYY	STREME-1	chr10	120038420	120038430	-	8.73	CCATCTGTCTG
1-CCATCTGBTYY	STREME-1	chr5	132161437	132161447	+	8.73	CCATCTGTCTG
1-CCATCTGBTYY	STREME-1	chr1	190872384	190872394	+	8.73	CCATCTGTCTG
1-CCATCTGBTYY	STREME-1	chr1	190872405	190872415	+	8.73	CCATCTGTCTG
1-CCATCTGBTYY	STREME-1	chr1	190872430	190872440	+	8.73	CCATCTGTCTG
1-CCATCTGBTYY	STREME-1	chr1	190872455	190872465	+	8.73	CCATCTGTCTG
1-CCATCTGBTYY	STREME-1	chr2	166653671	166653681	+	8.73	CCATCTGTCTG
1-CCATCTGBTYY	STREME-1	chr8	52571355	52571365	+	8.73	CCATATGGCAA
1-CCATCTGBTYY	STREME-1	chr9	105349332	105349342	-	8.73	CCATATGGCAA
1-CCATCTGBTYY	STREME-1	chr9	13173529	13173539	+	8.73	CCTTCTGCCTT
1-CCATCTGBTYY	STREME-1	chr9	13173536	13173546	+	8.73	CCTTCTGCCTT
1-CCATCTGBTYY	STREME-1	chr9	13173543	13173553	+	8.73	CCTTCTGCCTT
1-CCATCTGBTYY	STREME-1	chr9	13173550	13173560	+	8.73	CCTTCTGCCTT
1-CCATCTGBTYY	STREME-1	chr9	13173577	13173587	+	8.73	CCTTCTGCCTT
1-CCATCTGBTYY	STREME-1	chr9	13173609	13173619	+	8.73	CCTTCTGCCTT
1-CCATCTGBTYY	STREME-1	chr14	39044015	39044025	-	8.73	CAATCTGTCAA
1-CCATCTGBTYY	STREME-1	chr13	48046452	48046462	-	8.71	CCAACTGTGCG
1-CCATCTGBTYY	STREME-1	chr16	3974637	3974647	-	8.71	CCAACTGTGCG
1-CCATCTGBTYY	STREME-1	chr7	46718727	46718737	+	8.69	CCATCTGTGCT
1-CCATCTGBTYY	STREME-1	chr1	32645158	32645168	-	8.69	CCATCTGTGCT
1-CCATCTGBTYY	STREME-1	chr7	46648627	46648637	+	8.69	CCATCTGTGCT
1-CCATCTGBTYY	STREME-1	chr7	55744695	55744705	-	8.69	CCATCTGTGCT
1-CCATCTGBTYY	STREME-1	chr13	93511076	93511086	+	8.69	CCATCTGTGCT
1-CCATCTGBTYY	STREME-1	chr8	115429087	115429097	+	8.69	CAATCTGTTTG
1-CCATCTGBTYY	STREME-1	chr14	39044007	39044017	-	8.69	CAATCTGTTTG
1-CCATCTGBTYY	STREME-1	chr3	120570942	120570952	-	8.68	CCACCTGTTCC
1-CCATCTGBTYY	STREME-1	chr17	8205341	8205351	-	8.68	CCACCTGTTCC
1-CCATCTGBTYY	STREME-1	chr11	18332179	18332189	+	8.64	CCATATGCTGG
1-CCATCTGBTYY	STREME-1	chr11	18332203	18332213	+	8.64	CCATATGCTGG
1-CCATCTGBTYY	STREME-1	chr11	18332227	18332237	+	8.64	CCATATGCTGG
1-CCATCTGBTYY	STREME-1	chr11	18332251	18332261	+	8.64	CCATATGCTGG
1-CCATCTGBTYY	STREME-1	chr19	27598484	27598494	+	8.64	CCATATGCTGG
1-CCATCTGBTYY	STREME-1	chr11	18331747	18331757	+	8.64	CCATATGCTGG
1-CCATCTGBTYY	STREME-1	chr11	18331771	18331781	+	8.64	CCATATGCTGG
1-CCATCTGBTYY	STREME-1	chr11	18331795	18331805	+	8.64	CCATATGCTGG
1-CCATCTGBTYY	STREME-1	chr11	18331819	18331829	+	8.64	CCATATGCTGG
1-CCATCTGBTYY	STREME-1	chrX	51610958	51610968	+	8.64	CCAGCTGCTTC
1-CCATCTGBTYY	STREME-1	chr7	75880746	75880756	-	8.64	CCAGCTGCTTC
1-CCATCTGBTYY	STREME-1	chr12	26112681	26112691	-	8.64	CCGGCTGGTCC
1-CCATCTGBTYY	STREME-1	chr10	58936660	58936670	-	8.64	CCAGCTGGTCA
1-CCATCTGBTYY	STREME-1	chr8	25969747	25969757	-	8.64	CCAGCTGGTCA
1-CCATCTGBTYY	STREME-1	chr11	114650827	114650837	+	8.64	CCAGCTGGTCA
1-CCATCTGBTYY	STREME-1	chr10	19471902	19471912	-	8.64	CCAGCTGGTAA
1-CCATCTGBTYY	STREME-1	chr8	23036938	23036948	+	8.62	CCAGCTGCTAA
1-CCATCTGBTYY	STREME-1	chr4	133511207	133511217	+	8.61	CAATCTGCCCA
1-CCATCTGBTYY	STREME-1	chr15	66115305	66115315	-	8.61	CCAGCTGGTCT
1-CCATCTGBTYY	STREME-1	chr1	43210461	43210471	-	8.61	CCAGCTGGTCT
1-CCATCTGBTYY	STREME-1	chr5	111908226	111908236	-	8.61	CCAAATGCGCC
1-CCATCTGBTYY	STREME-1	chr13	52844299	52844309	-	8.60	CCGTCTGTCCA
1-CCATCTGBTYY	STREME-1	chr10	60085973	60085983	-	8.60	CAATCTGTATC
1-CCATCTGBTYY	STREME-1	chr17	87745546	87745556	+	8.57	CCAGCTGCTTA
1-CCATCTGBTYY	STREME-1	chr9	95168650	95168660	+	8.57	CCTTCTGCCAC
1-CCATCTGBTYY	STREME-1	chr5	148453984	148453994	+	8.57	CCTTCTGCCAC
1-CCATCTGBTYY	STREME-1	chr1	176994860	176994870	+	8.57	CCATATGGCAT
1-CCATCTGBTYY	STREME-1	chr4	152628338	152628348	-	8.57	CAATCTGTCAT
1-CCATCTGBTYY	STREME-1	chr10	27104174	27104184	+	8.56	CCTTCTGTCCT
1-CCATCTGBTYY	STREME-1	chr4	45543668	45543678	+	8.56	CCTTCTGTCCT
1-CCATCTGBTYY	STREME-1	chr5	124334610	124334620	-	8.56	CCTTCTGTCCT
1-CCATCTGBTYY	STREME-1	chr5	125244128	125244138	+	8.55	CCATCTGGGGG
1-CCATCTGBTYY	STREME-1	chr7	102369892	102369902	-	8.55	CCATCTGGGGG
1-CCATCTGBTYY	STREME-1	chr13	93453452	93453462	+	8.55	CCTTCTGCTGC
1-CCATCTGBTYY	STREME-1	chr10	121956680	121956690	+	8.54	CCGTATGTTTT
1-CCATCTGBTYY	STREME-1	chr7	73918213	73918223	+	8.53	CCATATGGAAC
1-CCATCTGBTYY	STREME-1	chr11	19899822	19899832	+	8.53	CCAAATGCCCC
1-CCATCTGBTYY	STREME-1	chr16	42255723	42255733	+	8.52	CCTTCTGTTGG
1-CCATCTGBTYY	STREME-1	chr10	60086025	60086035	+	8.52	CCTTCTGTTGG
1-CCATCTGBTYY	STREME-1	chr3	4834645	4834655	+	8.50	CCATATGTACA
1-CCATCTGBTYY	STREME-1	chr4	55073158	55073168	-	8.49	CCTTCTGTCTC
1-CCATCTGBTYY	STREME-1	chrY	7023075	7023085	+	8.49	CCTTCTGTCTC
1-CCATCTGBTYY	STREME-1	chr1	133820247	133820257	-	8.49	CCTTCTGTCTC
1-CCATCTGBTYY	STREME-1	chr12	69456848	69456858	+	8.48	CCTTCTGGTGT
1-CCATCTGBTYY	STREME-1	chr8	52571413	52571423	-	8.47	CCATATGGATT
1-CCATCTGBTYY	STREME-1	chr1	132650930	132650940	+	8.46	CAATATGTCGG
1-CCATCTGBTYY	STREME-1	chr5	144704259	144704269	-	8.44	CCATCTGTGTT
1-CCATCTGBTYY	STREME-1	chr9	43700024	43700034	+	8.44	CCATCTGTGTT
1-CCATCTGBTYY	STREME-1	chr2	154460143	154460153	+	8.44	CCATCTGTGTT
1-CCATCTGBTYY	STREME-1	chr16	96886040	96886050	+	8.44	CCATCTGTGTT
1-CCATCTGBTYY	STREME-1	chr7	121939948	121939958	-	8.44	CCATCTGTGTT
1-CCATCTGBTYY	STREME-1	chr15	34685651	34685661	-	8.44	CAATCTGGCTC
1-CCATCTGBTYY	STREME-1	chr11	42650301	42650311	-	8.42	CAATATGCCGG
1-CCATCTGBTYY	STREME-1	chr4	70805257	70805267	+	8.41	CCTTCTGTTTG
1-CCATCTGBTYY	STREME-1	chr8	84835227	84835237	+	8.41	CCATCTGGCTG
1-CCATCTGBTYY	STREME-1	chr17	47887618	47887628	-	8.41	CCATCTGGCTG
1-CCATCTGBTYY	STREME-1	chr11	24631799	24631809	-	8.41	CCATCTGGCTG
1-CCATCTGBTYY	STREME-1	chr1	136386172	136386182	+	8.41	CCATCTGGCTG
1-CCATCTGBTYY	STREME-1	chr1	131770842	131770852	+	8.41	CCATCTGGCTG
1-CCATCTGBTYY	STREME-1	chr12	91986686	91986696	-	8.40	CAATATGCTCT
1-CCATCTGBTYY	STREME-1	chr8	52571416	52571426	+	8.40	CCATATGGGTT
1-CCATCTGBTYY	STREME-1	chr8	110319891	110319901	+	8.40	CCTTCTGGCCT
1-CCATCTGBTYY	STREME-1	chr4	20460476	20460486	+	8.34	CCATATGGGAC
1-CCATCTGBTYY	STREME-1	chr5	34197385	34197395	-	8.34	CCATCTGGAGG
1-CCATCTGBTYY	STREME-1	chr9	76331249	76331259	+	8.34	CCATCTGGAGG
1-CCATCTGBTYY	STREME-1	chr11	117057688	117057698	+	8.34	CCATCTGGAGG
1-CCATCTGBTYY	STREME-1	chr10	74933692	74933702	-	8.34	CCATCTGGAGG
1-CCATCTGBTYY	STREME-1	chr2	171713404	171713414	+	8.34	CCTTCTGCCCA
1-CCATCTGBTYY	STREME-1	chr13	93453440	93453450	+	8.32	CCAGCTGGCGT
1-CCATCTGBTYY	STREME-1	chr2	171713412	171713422	+	8.32	CCAGCTGGCGT
1-CCATCTGBTYY	STREME-1	chr10	118640417	118640427	-	8.32	CCAGCTGTTGC
1-CCATCTGBTYY	STREME-1	chr1	28214494	28214504	-	8.31	CCATCTGGAAG
1-CCATCTGBTYY	STREME-1	chr5	125244083	125244093	+	8.31	CCATCTGCATG
1-CCATCTGBTYY	STREME-1	chr5	24657248	24657258	-	8.30	CCATATGTAAG
1-CCATCTGBTYY	STREME-1	chr10	63004755	63004765	-	8.30	CCTTCTGCGAG
1-CCATCTGBTYY	STREME-1	chr14	28387432	28387442	+	8.29	CCACCTGTTAT
1-CCATCTGBTYY	STREME-1	chr16	63091567	63091577	+	8.26	CCATCTGGGAA
1-CCATCTGBTYY	STREME-1	chr2	129998678	129998688	-	8.26	CCATCTGGGAA
1-CCATCTGBTYY	STREME-1	chr12	27417829	27417839	+	8.26	CCATCTGGAGA
1-CCATCTGBTYY	STREME-1	chr19	7148296	7148306	-	8.26	CCATCTGGAGA
1-CCATCTGBTYY	STREME-1	chr6	104313134	104313144	-	8.26	CCATCTGGAGA
1-CCATCTGBTYY	STREME-1	chr18	82284325	82284335	+	8.26	CCATCTGGAGA
1-CCATCTGBTYY	STREME-1	chr12	51900746	51900756	+	8.25	CCAGCTGCTCA
1-CCATCTGBTYY	STREME-1	chr11	42650314	42650324	-	8.25	CCAGCTGCTCA
1-CCATCTGBTYY	STREME-1	chr2	135541305	135541315	+	8.25	CCACCTGCTAA
1-CCATCTGBTYY	STREME-1	chr2	132157742	132157752	+	8.25	CCACCTGCTAA
1-CCATCTGBTYY	STREME-1	chr4	125008901	125008911	-	8.25	CAATCTGCCAT
1-CCATCTGBTYY	STREME-1	chr9	105349335	105349345	+	8.25	CCATATGGAGT
1-CCATCTGBTYY	STREME-1	chr5	30728972	30728982	-	8.24	CCAGCTGTCCC
1-CCATCTGBTYY	STREME-1	chr14	117981637	117981647	-	8.24	CCAGCTGTCCC
1-CCATCTGBTYY	STREME-1	chr4	125946133	125946143	-	8.24	CCAGCTGTCCC
1-CCATCTGBTYY	STREME-1	chr4	125946173	125946183	-	8.24	CCAGCTGTCCC
1-CCATCTGBTYY	STREME-1	chr5	111908165	111908175	-	8.24	CCAGCTGTCCC
1-CCATCTGBTYY	STREME-1	chr12	12567546	12567556	+	8.23	CCAGCTGGTAG
1-CCATCTGBTYY	STREME-1	chr1	170655790	170655800	+	8.22	CCAGCTGCTCT
1-CCATCTGBTYY	STREME-1	chr5	120656415	120656425	-	8.22	CCAGCTGCTCT
1-CCATCTGBTYY	STREME-1	chr8	122709650	122709660	-	8.22	CCAGCTGCTCT
1-CCATCTGBTYY	STREME-1	chr4	152572447	152572457	-	8.22	CCAGCTGCTCT
1-CCATCTGBTYY	STREME-1	chr4	152572473	152572483	-	8.22	CCAGCTGCTCT
1-CCATCTGBTYY	STREME-1	chr1	28214515	28214525	+	8.22	CCAGCTGCTCT
1-CCATCTGBTYY	STREME-1	chr2	157058884	157058894	+	8.22	CCAGCTGCTCT
1-CCATCTGBTYY	STREME-1	chr10	115776776	115776786	-	8.22	CCAGCTGCTAG
1-CCATCTGBTYY	STREME-1	chr19	47211820	47211830	+	8.20	CAATCTGTAGC
1-CCATCTGBTYY	STREME-1	chr4	97910889	97910899	+	8.20	CCACCTGGCCG
1-CCATCTGBTYY	STREME-1	chr11	24631830	24631840	+	8.20	CCATCTGGGTG
1-CCATCTGBTYY	STREME-1	chr16	7788415	7788425	-	8.20	CCACCTGCTTA
1-CCATCTGBTYY	STREME-1	chr16	96886016	96886026	-	8.19	CCAACTGGCAT
1-CCATCTGBTYY	STREME-1	chr8	110319873	110319883	+	8.17	CCTACTGTCCC
1-CCATCTGBTYY	STREME-1	chr11	28693000	28693010	+	8.17	CCTTCTGGCTC
1-CCATCTGBTYY	STREME-1	chr16	4559796	4559806	-	8.16	CCAGCTGTTTC
1-CCATCTGBTYY	STREME-1	chr10	58936692	58936702	+	8.16	CCAACTGGAAC
1-CCATCTGBTYY	STREME-1	chr4	97880501	97880511	+	8.12	CCAACTGTGAC
1-CCATCTGBTYY	STREME-1	chr13	10527459	10527469	-	8.11	CAATCTGCTGT
1-CCATCTGBTYY	STREME-1	chr5	64023160	64023170	-	8.10	CCATATGGAAT
1-CCATCTGBTYY	STREME-1	chr7	118429073	118429083	-	8.09	CCTTCTGTATT
1-CCATCTGBTYY	STREME-1	chr4	103576535	103576545	-	8.08	CCAGCTGGCCC
1-CCATCTGBTYY	STREME-1	chr7	132284954	132284964	+	8.08	CCAGCTGGCCC
1-CCATCTGBTYY	STREME-1	chr12	13769329	13769339	+	8.07	CCATCTGTGAG
1-CCATCTGBTYY	STREME-1	chr6	113857061	113857071	+	8.07	CCATCTGTGAG
1-CCATCTGBTYY	STREME-1	chr8	111614775	111614785	+	8.07	CCATCTGTGAG
1-CCATCTGBTYY	STREME-1	chr8	111614803	111614813	+	8.07	CCATCTGTGAG
1-CCATCTGBTYY	STREME-1	chr8	111614831	111614841	+	8.07	CCATCTGTGAG
1-CCATCTGBTYY	STREME-1	chr8	111614859	111614869	+	8.07	CCATCTGTGAG
1-CCATCTGBTYY	STREME-1	chr11	101485538	101485548	+	8.07	CCATCTGTGAG
1-CCATCTGBTYY	STREME-1	chr17	90086988	90086998	+	8.07	CCTTCTGTCTT
1-CCATCTGBTYY	STREME-1	chr9	58035770	58035780	+	8.04	CCTTCTGGCTA
1-CCATCTGBTYY	STREME-1	chr6	36926665	36926675	-	8.04	CCGTCTGTGCC
1-CCATCTGBTYY	STREME-1	chr2	77065541	77065551	-	8.01	CCTTCTGCGGA
1-CCATCTGBTYY	STREME-1	chr5	99787325	99787335	-	8.00	CCGTCTGGGAC
1-CCATCTGBTYY	STREME-1	chr12	26781744	26781754	-	8.00	CCAGCTGTTCT
1-CCATCTGBTYY	STREME-1	chr5	38388657	38388667	+	8.00	CCAGCTGTTCT
1-CCATCTGBTYY	STREME-1	chr10	71667281	71667291	-	7.99	CCATCTGTGCA
1-CCATCTGBTYY	STREME-1	chr3	40283142	40283152	+	7.99	CCATCTGTGCA
1-CCATCTGBTYY	STREME-1	chr10	89824429	89824439	+	7.99	CCATCTGTGCA
1-CCATCTGBTYY	STREME-1	chr4	59384003	59384013	-	7.99	CCATCTGTGCA
1-CCATCTGBTYY	STREME-1	chr16	25960534	25960544	+	7.99	CCATCTGTGCA
1-CCATCTGBTYY	STREME-1	chr11	35992086	35992096	+	7.99	CCATCTGTGCA
1-CCATCTGBTYY	STREME-1	chr9	123384779	123384789	-	7.99	CCATCTGTGCA
1-CCATCTGBTYY	STREME-1	chr5	68072130	68072140	+	7.99	CCATCTGTGCA
1-CCATCTGBTYY	STREME-1	chr10	89824830	89824840	+	7.99	CCATCTGTGCA
1-CCATCTGBTYY	STREME-1	chr10	89824893	89824903	+	7.99	CCATCTGTGCA
1-CCATCTGBTYY	STREME-1	chr10	89825489	89825499	+	7.99	CCATCTGTGCA
1-CCATCTGBTYY	STREME-1	chr1	33522332	33522342	+	7.99	CCATCTGTGCA
1-CCATCTGBTYY	STREME-1	chr2	139311503	139311513	+	7.99	CCATCTGTGCA
1-CCATCTGBTYY	STREME-1	chr7	124131422	124131432	-	7.98	CCATCTGCAGA
1-CCATCTGBTYY	STREME-1	chr4	62582893	62582903	-	7.98	CCATCTGCAGA
1-CCATCTGBTYY	STREME-1	chr2	168679063	168679073	-	7.98	CCATCTGCAGA
1-CCATCTGBTYY	STREME-1	chr11	70294058	70294068	+	7.98	CCAGATGGTAC
1-CCATCTGBTYY	STREME-1	chr4	105001950	105001960	-	7.98	CCAGATGGTAC
1-CCATCTGBTYY	STREME-1	chr11	65905688	65905698	-	7.97	CCTTCTGCCAT
1-CCATCTGBTYY	STREME-1	chr1	177364569	177364579	-	7.97	CCAGCTGTTGA
1-CCATCTGBTYY	STREME-1	chr1	84523164	84523174	+	7.96	CCAGCTGCTTT
1-CCATCTGBTYY	STREME-1	chr13	111905098	111905108	+	7.96	CCAGCTGCTTT
1-CCATCTGBTYY	STREME-1	chr7	118429120	118429130	-	7.94	CCTTCTGGACT
1-CCATCTGBTYY	STREME-1	chr19	14681490	14681500	-	7.92	CCTTCTGCACT
1-CCATCTGBTYY	STREME-1	chr6	137272659	137272669	+	7.91	CCATCTGGGAG
1-CCATCTGBTYY	STREME-1	chr9	29796461	29796471	-	7.90	CCATATGGGCT
1-CCATCTGBTYY	STREME-1	chr17	3253970	3253980	-	7.90	CCATATGGGCT
1-CCATCTGBTYY	STREME-1	chr17	3253973	3253983	+	7.90	CCATATGGGCT
1-CCATCTGBTYY	STREME-1	chr9	107456923	107456933	-	7.88	CCGGCTGTCGA
1-CCATCTGBTYY	STREME-1	chr5	117841180	117841190	+	7.88	CAATCTGTCCA
1-CCATCTGBTYY	STREME-1	chr10	82666745	82666755	+	7.87	CCAGCTGCGTA
1-CCATCTGBTYY	STREME-1	chr1	189991222	189991232	+	7.86	CCACCTGTCCC
1-CCATCTGBTYY	STREME-1	chr1	189991271	189991281	+	7.86	CCACCTGTCCC
1-CCATCTGBTYY	STREME-1	chr17	8205361	8205371	-	7.86	CCACCTGTCCC
1-CCATCTGBTYY	STREME-1	chr7	101101284	101101294	+	7.85	CCACCTGCTCT
1-CCATCTGBTYY	STREME-1	chr15	31634781	31634791	+	7.85	CATTCTGTTCG
#
2-GGAAAATGAGAA	STREME-2	chrUn_GL456392	14684	14695	+	22.20	GGAAAATGAGAA
2-GGAAAATGAGAA	STREME-2	chrUn_GL456393	10430	10441	-	22.20	GGAAAATGAGAA
2-GGAAAATGAGAA	STREME-2	chrUn_GL456383	11339	11350	-	22.20	GGAAAATGAGAA
2-GGAAAATGAGAA	STREME-2	chr4	3091071	3091082	+	22.20	GGAAAATGAGAA
2-GGAAAATGAGAA	STREME-2	chrUn_GL456392	23341	23352	-	22.20	GGAAAATGAGAA
2-GGAAAATGAGAA	STREME-2	chrUn_GL456396	9942	9953	+	22.20	GGAAAATGAGAA
2-GGAAAATGAGAA	STREME-2	chrUn_GL456393	7505	7516	-	22.20	GGAAAATGAGAA
2-GGAAAATGAGAA	STREME-2	chrUn_GL456383	24831	24842	-	22.20	GGAAAATGAGAA
2-GGAAAATGAGAA	STREME-2	chrUn_GL456392	8551	8562	+	22.20	GGAAAATGAGAA
2-GGAAAATGAGAA	STREME-2	chrUn_GL456383	32595	32606	-	22.20	GGAAAATGAGAA
2-GGAAAATGAGAA	STREME-2	chrY	4151281	4151292	+	22.20	GGAAAATGAGAA
2-GGAAAATGAGAA	STREME-2	chrUn_GL456390	4408	4419	+	22.20	GGAAAATGAGAA
2-GGAAAATGAGAA	STREME-2	chrUn_GL456389	3150	3161	-	22.20	GGAAAATGAGAA
2-GGAAAATGAGAA	STREME-2	chrUn_GL456383	35031	35042	-	22.20	GGAAAATGAGAA
2-GGAAAATGAGAA	STREME-2	chrUn_GL456383	35320	35331	-	22.20	GGAAAATGAGAA
2-GGAAAATGAGAA	STREME-2	chrUn_GL456390	10201	10212	+	22.20	GGAAAATGAGAA
2-GGAAAATGAGAA	STREME-2	chrUn_GL456390	24095	24106	+	22.20	GGAAAATGAGAA
2-GGAAAATGAGAA	STREME-2	chrUn_GL456393	242	253	-	22.20	GGAAAATGAGAA
2-GGAAAATGAGAA	STREME-2	chr4_GL456216_random	49310	49321	-	19.89	CGAAAATGAGAA
2-GGAAAATGAGAA	STREME-2	chrUn_GL456393	10372	10383	-	19.82	GGAAAATGAGAC
2-GGAAAATGAGAA	STREME-2	chrUn_GL456383	11281	11292	-	19.82	GGAAAATGAGAC
2-GGAAAATGAGAA	STREME-2	chr4	3091012	3091023	+	19.82	GGAAAATGAGAC
2-GGAAAATGAGAA	STREME-2	chr12	67059611	67059622	+	19.82	GGAAAATGAGAC
2-GGAAAATGAGAA	STREME-2	chrUn_GL456396	10646	10657	+	19.82	GGAAAATGAGAC
2-GGAAAATGAGAA	STREME-2	chrUn_GL456390	15437	15448	+	19.82	GGAAAATGAGAC
2-GGAAAATGAGAA	STREME-2	chrUn_GL456390	14280	14291	+	19.82	GGAAAATGAGAC
2-GGAAAATGAGAA	STREME-2	chrUn_GL456390	14803	14814	+	19.26	GAAAAATGAGAA
2-GGAAAATGAGAA	STREME-2	chrUn_GL456383	31022	31033	-	19.26	GAAAAATGAGAA
2-GGAAAATGAGAA	STREME-2	chrUn_GL456390	21514	21525	+	19.26	GAAAAATGAGAA
2-GGAAAATGAGAA	STREME-2	chrUn_GL456396	9884	9895	+	19.26	GAAAAATGAGAA
2-GGAAAATGAGAA	STREME-2	chr11	3101547	3101558	-	19.26	GAAAAATGAGAA
2-GGAAAATGAGAA	STREME-2	chr11	3102897	3102908	-	19.26	GAAAAATGAGAA
2-GGAAAATGAGAA	STREME-2	chrUn_GL456393	183	194	-	19.26	GAAAAATGAGAA
2-GGAAAATGAGAA	STREME-2	chr11	3102248	3102259	-	19.07	GGAAAACGAGAA
2-GGAAAATGAGAA	STREME-2	chr4	70805242	70805253	-	18.75	GGAAAATTAGAA
2-GGAAAATGAGAA	STREME-2	chr4	64497908	64497919	-	18.60	GGAAAATGATAA
2-GGAAAATGAGAA	STREME-2	chrUn_GL456383	31081	31092	-	18.04	GGAAAATAAGAA
2-GGAAAATGAGAA	STREME-2	chrUn_GL456383	38315	38326	-	17.84	AGAAAATGAGAA
2-GGAAAATGAGAA	STREME-2	chr15	21114962	21114973	+	17.84	AGAAAATGAGAA
2-GGAAAATGAGAA	STREME-2	chrUn_GL456393	650	661	-	17.39	GGGAAATGAGAA
2-GGAAAATGAGAA	STREME-2	chr12	67059321	67059332	+	16.86	GGAAAATGCGAC
2-GGAAAATGAGAA	STREME-2	chr7	39197871	39197882	-	16.71	GGAAAATGGGAA
2-GGAAAATGAGAA	STREME-2	chrUn_GL456392	10327	10338	+	16.59	GGAAAATGTGAA
2-GGAAAATGAGAA	STREME-2	chrUn_GL456383	34448	34459	-	16.32	GGAAAAGGAGAA
2-GGAAAATGAGAA	STREME-2	chrUn_GL456393	7564	7575	-	15.66	GGAAAATAAGAC
2-GGAAAATGAGAA	STREME-2	chr12	67059263	67059274	+	15.66	GAAAAATGATAA
2-GGAAAATGAGAA	STREME-2	chr14	54060070	54060081	+	15.56	GGAAAATGAGTC
2-GGAAAATGAGAA	STREME-2	chrUn_GL456390	24154	24165	+	15.27	AAAAAATGAGAA
2-GGAAAATGAGAA	STREME-2	chrY	4158803	4158814	+	15.27	AAAAAATGAGAA
2-GGAAAATGAGAA	STREME-2	chr4	3090655	3090666	+	15.10	GAAAAATAAGAA
2-GGAAAATGAGAA	STREME-2	chrY	7026248	7026259	-	14.70	AGAAAATGAGTA
2-GGAAAATGAGAA	STREME-2	chrUn_GL456390	10143	10154	+	13.67	GGATAATGAGAA
2-GGAAAATGAGAA	STREME-2	chrUn_GL456396	14415	14426	+	13.65	GAAAAATGTGAA
#
3-CACTGTAGGACCT	STREME-3	chrUn_GL456383	38356	38368	-	23.61	CACTGTAGGACCT
3-CACTGTAGGACCT	STREME-3	chrUn_GL456393	10412	10424	-	23.61	CACTGTAGGACCT
3-CACTGTAGGACCT	STREME-3	chr12	67059628	67059640	+	23.61	CACTGTAGGACCT
3-CACTGTAGGACCT	STREME-3	chrUn_GL456396	9901	9913	+	23.61	CACTGTAGGACCT
3-CACTGTAGGACCT	STREME-3	chrUn_GL456390	5722	5734	+	23.61	CACTGTAGGACCT
3-CACTGTAGGACCT	STREME-3	chr12	67059280	67059292	+	23.61	CACTGTAGGACCT
3-CACTGTAGGACCT	STREME-3	chrUn_GL456383	28671	28683	-	23.61	CACTGTAGGACCT
3-CACTGTAGGACCT	STREME-3	chr3	56575594	56575606	-	23.61	CACTGTAGGACCT
3-CACTGTAGGACCT	STREME-3	chrUn_GL456396	14441	14453	+	23.61	CACTGTAGGACCT
3-CACTGTAGGACCT	STREME-3	chrUn_GL456389	3132	3144	-	23.61	CACTGTAGGACCT
3-CACTGTAGGACCT	STREME-3	chrUn_GL456396	8815	8827	+	23.61	CACTGTAGGACCT
3-CACTGTAGGACCT	STREME-3	chrUn_GL456393	632	644	-	22.30	CACTGTAGGACGT
3-CACTGTAGGACCT	STREME-3	chrUn_GL456390	21472	21484	+	21.47	CACTGTAGAACCT
3-CACTGTAGGACCT	STREME-3	chrUn_GL456390	10160	10172	+	21.47	CACTGTAGAACCT
3-CACTGTAGGACCT	STREME-3	chr4	3090672	3090684	+	21.47	CACTGTAGAACCT
3-CACTGTAGGACCT	STREME-3	chrUn_GL456383	11321	11333	-	21.27	AACTGTAGGACCT
3-CACTGTAGGACCT	STREME-3	chrUn_GL456383	35013	35025	-	21.27	AACTGTAGGACCT
3-CACTGTAGGACCT	STREME-3	chr11	3100476	3100488	-	21.20	CACTGTAGGACTT
3-CACTGTAGGACCT	STREME-3	chr11	3101529	3101541	-	21.20	CACTGTAGGACTT
3-CACTGTAGGACCT	STREME-3	chrUn_GL456396	6315	6327	+	20.67	CACTATAGGACCT
3-CACTGTAGGACCT	STREME-3	chrUn_GL456396	10663	10675	+	20.25	CACTGTATGACCT
3-CACTGTAGGACCT	STREME-3	chrUn_GL456390	15454	15466	+	20.25	CACTGTATGACCT
3-CACTGTAGGACCT	STREME-3	chrUn_GL456390	24112	24124	+	20.15	CACTGTAGAACGT
3-CACTGTAGGACCT	STREME-3	chr11	3101588	3101600	-	20.10	CACTGTCGGACCT
3-CACTGTAGGACCT	STREME-3	chrUn_GL456390	21531	21543	+	20.02	CATTGTAGGACCT
3-CACTGTAGGACCT	STREME-3	chr3	56575652	56575664	-	20.02	CATTGTAGGACCT
3-CACTGTAGGACCT	STREME-3	chrUn_GL456383	34955	34967	-	19.60	CACTGTAGGACAT
3-CACTGTAGGACCT	STREME-3	chrUn_GL456390	14297	14309	+	19.03	CACTGTATAACCT
3-CACTGTAGGACCT	STREME-3	chrUn_GL456383	35302	35314	-	18.65	CCCTGTAGGACCT
3-CACTGTAGGACCT	STREME-3	chrUn_GL456383	24813	24825	-	18.24	CACTGTAGTACTT
3-CACTGTAGGACCT	STREME-3	chr4	3091029	3091041	+	17.95	AACTGTAGGAACT
3-CACTGTAGGACCT	STREME-3	chr4_GL456216_random	49292	49304	-	17.90	CACTGTAGCACCT
3-CACTGTAGGACCT	STREME-3	chrUn_GL456393	7487	7499	-	17.79	CACTGTTGGACCT
3-CACTGTAGGACCT	STREME-3	chrUn_GL456390	14820	14832	+	17.72	CACTGTAGGAATT
3-CACTGTAGGACCT	STREME-3	chrY	6808222	6808234	-	17.68	CAATGTAGGAACT
3-CACTGTAGGACCT	STREME-3	chr4	64497889	64497901	-	17.45	CACTGTAGAACAT
3-CACTGTAGGACCT	STREME-3	chrX	76598856	76598868	+	17.45	CACTGTAGAACAT
3-CACTGTAGGACCT	STREME-3	chr7	26779971	26779983	+	17.45	CACTGTAGAACAT
3-CACTGTAGGACCT	STREME-3	chr11	3102879	3102891	-	17.05	TAATGTAGGACCT
3-CACTGTAGGACCT	STREME-3	chrUn_GL456393	10354	10366	-	16.81	CACTGTATTACCT
3-CACTGTAGGACCT	STREME-3	chrUn_GL456383	11263	11275	-	16.66	CATTGTATGACCT
3-CACTGTAGGACCT	STREME-3	chrUn_GL456390	5663	5675	+	15.08	CACTGTTTGACCT
3-CACTGTAGGACCT	STREME-3	chr12	67059338	67059350	+	15.08	CACTGTTTGACCT
3-CACTGTAGGACCT	STREME-3	chrUn_GL456383	38297	38309	-	14.93	CACTCTAGGACCT
3-CACTGTAGGACCT	STREME-3	chrUn_GL456383	24755	24767	-	14.61	CACTGTATGATCT
3-CACTGTAGGACCT	STREME-3	chrUn_GL456383	32577	32589	-	14.54	CACTGTAGGATGT
3-CACTGTAGGACCT	STREME-3	chrUn_GL456392	10344	10356	+	14.39	CACTATAGGAGCT
3-CACTGTAGGACCT	STREME-3	chr18	65855743	65855755	+	14.26	TACTGTAGAACAT
3-CACTGTAGGACCT	STREME-3	chr7	26780030	26780042	+	13.87	CATTGTAGAACAT
3-CACTGTAGGACCT	STREME-3	chr4	62582873	62582885	-	13.08	CAGTGTAGGGCCT
#
4-CTYGCCATA	STREME-4	chr4_GL456216_random	49279	49287	+	18.00	CTCGCCATA
4-CTYGCCATA	STREME-4	chr12	67059645	67059653	-	18.00	CTCGCCATA
4-CTYGCCATA	STREME-4	chrUn_GL456393	677	685	+	18.00	CTCGCCATA
4-CTYGCCATA	STREME-4	chr11	3100522	3100530	+	18.00	CTCGCCATA
4-CTYGCCATA	STREME-4	chrUn_GL456383	24800	24808	+	18.00	CTCGCCATA
4-CTYGCCATA	STREME-4	chrUn_GL456390	5680	5688	-	18.00	CTCGCCATA
4-CTYGCCATA	STREME-4	chr12	67059297	67059305	-	18.00	CTCGCCATA
4-CTYGCCATA	STREME-4	chr11	3102217	3102225	+	18.00	CTCGCCATA
4-CTYGCCATA	STREME-4	chrUn_GL456390	15471	15479	-	18.00	CTCGCCATA
4-CTYGCCATA	STREME-4	chrUn_GL456396	14399	14407	-	18.00	CTCGCCATA
4-CTYGCCATA	STREME-4	chrUn_GL456396	8832	8840	-	18.00	CTCGCCATA
4-CTYGCCATA	STREME-4	chr11	3102866	3102874	+	18.00	CTCGCCATA
4-CTYGCCATA	STREME-4	chrUn_GL456383	34475	34483	+	16.32	CTCGCAATA
4-CTYGCCATA	STREME-4	chrUn_GL456390	14837	14845	-	16.04	CTTGCCATA
4-CTYGCCATA	STREME-4	chr4_GL456216_random	49337	49345	+	16.04	CTTGCCATA
4-CTYGCCATA	STREME-4	chrUn_GL456392	10361	10369	-	16.04	CTTGCCATA
4-CTYGCCATA	STREME-4	chr12	67059587	67059595	-	16.04	CTTGCCATA
4-CTYGCCATA	STREME-4	chrUn_GL456383	31050	31058	+	16.04	CTTGCCATA
4-CTYGCCATA	STREME-4	chrUn_GL456392	23368	23376	+	16.04	CTTGCCATA
4-CTYGCCATA	STREME-4	chr11	3100463	3100471	+	16.04	CTTGCCATA
4-CTYGCCATA	STREME-4	chrUn_GL456390	14314	14322	-	16.04	CTTGCCATA
4-CTYGCCATA	STREME-4	chrUn_GL456383	28658	28666	+	16.04	CTTGCCATA
4-CTYGCCATA	STREME-4	chrUn_GL456383	28715	28723	+	16.04	CTTGCCATA
4-CTYGCCATA	STREME-4	chrUn_GL456383	32564	32572	+	16.04	CTTGCCATA
4-CTYGCCATA	STREME-4	chrUn_GL456390	4442	4450	-	16.04	CTTGCCATA
4-CTYGCCATA	STREME-4	chr5	35918696	35918704	-	16.04	CTTGCCATA
4-CTYGCCATA	STREME-4	chr1	169060783	169060791	+	16.04	CTTGCCATA
4-CTYGCCATA	STREME-4	chrUn_GL456383	35289	35297	+	16.04	CTTGCCATA
4-CTYGCCATA	STREME-4	chr9	105349331	105349339	+	16.04	CTTGCCATA
4-CTYGCCATA	STREME-4	chr4	80048175	80048183	-	16.04	CTTGCCATA
4-CTYGCCATA	STREME-4	chr4	3090630	3090638	-	16.04	CTTGCCATA
4-CTYGCCATA	STREME-4	chr1	51671591	51671599	-	15.62	CTCGCCTTA
4-CTYGCCATA	STREME-4	chr7	121939873	121939881	-	15.62	CTCGCCTTA
4-CTYGCCATA	STREME-4	chr3	137728854	137728862	-	14.36	CTTGCAATA
4-CTYGCCATA	STREME-4	chrUn_GL456390	21489	21497	-	13.89	CTCGCCAAA
4-CTYGCCATA	STREME-4	chrUn_GL456396	10622	10630	-	13.89	CTCGCCAAA
4-CTYGCCATA	STREME-4	chr4	62582899	62582907	-	13.77	CTCGCCATC
4-CTYGCCATA	STREME-4	chr3	15194560	15194568	+	13.77	CTCGCCATC
4-CTYGCCATA	STREME-4	chr15	88451449	88451457	-	13.77	CTCGCCATC
4-CTYGCCATA	STREME-4	chrUn_GL456390	4384	4392	-	13.66	CTCGCTATA
4-CTYGCCATA	STREME-4	chrUn_GL456392	14718	14726	-	13.14	CCCGCCATA
4-CTYGCCATA	STREME-4	chr4	47291201	47291209	-	13.14	CCCGCCATA
4-CTYGCCATA	STREME-4	chrY	7026224	7026232	+	13.14	CCCGCCATA
4-CTYGCCATA	STREME-4	chr4	3091046	3091054	-	13.03	CTCGCCAGA
4-CTYGCCATA	STREME-4	chrUn_GL456396	6332	6340	-	12.73	CTCGACATA
4-CTYGCCATA	STREME-4	chrUn_GL456390	24129	24137	-	12.73	CTCGACATA
4-CTYGCCATA	STREME-4	chr4	3090689	3090697	-	12.73	CTCGACATA
4-CTYGCCATA	STREME-4	chrUn_GL456383	35000	35008	+	12.51	CTCGCCATG
4-CTYGCCATA	STREME-4	chr4	47291239	47291247	+	11.93	CTTGCCAAA
4-CTYGCCATA	STREME-4	chr5	125244124	125244132	+	11.81	CTTGCCATC
4-CTYGCCATA	STREME-4	chr1	89237896	89237904	+	11.81	CTTGCCATC
4-CTYGCCATA	STREME-4	chr2	33015047	33015055	+	11.81	CTTGCCATC
4-CTYGCCATA	STREME-4	chr4	105001969	105001977	+	11.81	CTTGCCATC
4-CTYGCCATA	STREME-4	chrUn_GL456389	3177	3185	+	11.70	CTTGCTATA
4-CTYGCCATA	STREME-4	chr15	57949429	57949437	+	11.35	CTTGCCATT
4-CTYGCCATA	STREME-4	chrUn_GL456389	3119	3127	+	11.10	CTTGACATA
4-CTYGCCATA	STREME-4	chr6	11576281	11576289	+	11.07	CTTGCCAGA
4-CTYGCCATA	STREME-4	chr2	154584087	154584095	-	11.07	CTTGCCAGA
4-CTYGCCATA	STREME-4	chr4	69538390	69538398	+	11.07	CTTGCCAGA
4-CTYGCCATA	STREME-4	chr5	121239987	121239995	-	11.07	CTTGCCAGA
4-CTYGCCATA	STREME-4	chr7	102369863	102369871	+	11.07	CTTGCCAGA
4-CTYGCCATA	STREME-4	chr11	19899854	19899862	-	10.96	CTCCCCATA
4-CTYGCCATA	STREME-4	chr2	95136829	95136837	-	10.96	CTCCCCATA
4-CTYGCCATA	STREME-4	chrUn_GL456390	21548	21556	-	10.96	CTCCCCATA
4-CTYGCCATA	STREME-4	chr4	134430715	134430723	+	10.81	CTCGCAAAA
4-CTYGCCATA	STREME-4	chr5	34197371	34197379	-	10.77	CTTTCCATA
4-CTYGCCATA	STREME-4	chr11	35992128	35992136	+	10.65	CTTGCATTA
4-CTYGCCATA	STREME-4	chr4	97880560	97880568	+	10.63	GTTGCCATA
4-CTYGCCATA	STREME-4	chr13	34136761	34136769	-	10.54	CTTGCCATG
4-CTYGCCATA	STREME-4	chr1	183299252	183299260	+	10.54	CTTGCCATG
4-CTYGCCATA	STREME-4	chrUn_GL456393	211	219	+	10.54	CTTGCCATG
4-CTYGCCATA	STREME-4	chr8	89514417	89514425	-	10.42	GTCGCCTTA
4-CTYGCCATA	STREME-4	chrUn_GL456383	32622	32630	+	10.38	CTCGCCGTA
4-CTYGCCATA	STREME-4	chr14	54060112	54060120	-	10.34	CTCTCCATA
4-CTYGCCATA	STREME-4	chr3	56575581	56575589	+	10.34	CTCTCCATA
4-CTYGCCATA	STREME-4	chrUn_GL456396	14458	14466	-	10.34	CTCTCCATA
4-CTYGCCATA	STREME-4	chr3	126725838	126725846	+	10.13	CTTGCAATC
4-CTYGCCATA	STREME-4	chr16	63116606	63116614	+	10.13	CTTGCAATC
4-CTYGCCATA	STREME-4	chr7	80687753	80687761	+	10.13	CTTGCAATC
